,,,,,,,,,,,,,,,,,,,,,,,,,,,,,,,,,,,,,
Author Last Name,Author First Name,Other Authors,Newspaper/Publisher,Publication Year,Article Title,"Publication Location (City, County, State) Where was the article published? ","Contextual Location (City, County, State) Where is the article talking about? If mutliple locations are referenced, list them all. If national, write national","News Source (e.g. Google, Ethnic News Watch, etc)",Date of Publication,"Page # (if applicable, if not, write N/A)",Type,Link (paste to Google drive upload),MMIWG mentioned (1=y 0=n),"MMIWG defined (1,0)","specific case (1,0)","MMIWG mvmnt (1,0)","coverage of legal protection (1,0)","News article (1,0)","video/audio (1,0)","material culture (1,0)","international (1,0)","national (1,0)","regional (1,0)","local (1,0)","Native (1,0)",# of sources,# of govt officials,# of ordinary people,# of experts,# of id male,# of id female,# of gender unID,"(Native voice) token/soundbite (1,0)","centers importance of MMIWG (1,0)","discussion of law impact (1,0)",word count,"article series (1,0)"
ISABELLA ,,,,,,,,,,,,,,,,,,,,,,,,,,,,,,,,,,,,,
MILLER,BRUCE R.,,"Albany Democrat-Herald (OR)
",2022,Hilary Swank stars in drama that uplifts journalism,"Albany, Linn County, OR",Alaska State,Access World News,October 22,N/A,Newspaper,https://drive.google.com/file/d/1gSDokIsDDllFgaP_Uc46bOkr0hRijsvO/view?usp=drive_link,,,,,,,,,,,,,,,,,,,,,,,,,
HENSHAW,MELANIE ,,Albany Democrat-Herald (OR),2025,Bill would allow Oregon Tribes to formally petition for removal of state control,"Albany, Linn County, OR",Oregon State,Access World News,March 26,N/A,Newspaper,https://drive.google.com/file/d/1h2egBSgIqsLgnl2oe5Rmd9rTF0mR8yGL/view?usp=drive_link,,,,,,,,,,,,,,,,,,,,,,,,,
Moss,Gennifer ,Linda Lewis,"Ashland Tidings, The (OR)",2010,Letters to the Editor,"Ashland, Jackson County, (OR)","Ashland, Jackson County, (OR)",Access World News,February 26,N/A,Newspaper,https://drive.google.com/file/d/1QM4ERZMsIppue12aNk6yL9HUBD3bURbu/view?usp=drive_link,,,,,,,,,,,,,,,,,,,,,,,,,
Associated Press State Wire: Oregon (OR),Associated Press State Wire: Oregon (OR),,Associated Press State Wire: Oregon (OR),2023,Washington creates missing Indigenous people cold case unit  (Also in WA version),Oregon State,"Yakima County, WA-  Washington State- National. ",Access World News (NewsBank),April 28,N/A,Newswire,https://drive.google.com/file/d/1MWVu9lun-flhIXfNTwTTqHuX7yX-quKj/view?usp=sharing,,,,,,,,,,,,,,,,,,,,,,,,,
 FLACCUS,GILLIAN,,Associated Press State Wire: Oregon (OR),2022,"California tribe confronts crisis of missing, murdered women",Oregon State,"YUROK RESERVATION, California- California State- Oregon State",Access World News,February 21,N/A,Newswire,https://drive.google.com/file/d/1XRR9u87Jt2U6qIwnClabnfKBOlEfgVZJ/view?usp=sharing,,,,,,,,,,,,,,,,,,,,,,,,,
BROWNSTONE,SYDNEY ,,Associated Press State Wire: Oregon (OR),2020,Seattle treatment center closing doors after 30 years,Oregon State,"Seattle, King County, WA",Access World News,January 25,N/A,Newswire,https://drive.google.com/file/d/18mofUhj3vcVwsqypSenaN8kGap7dJCLZ/view?usp=sharing,,,,,,,,,,,,,,,,,,,,,,,,,
SEWELL,CYNTHIA ,,Associated Press State Wire: Oregon (OR),2019,"Scope of missing, murdered indigenous women in Idaho unknown",Oregon State,"BOISE, Boise County, Idaho- New Mexico- National ",Access World News,December 21,N/A,Newswire,https://drive.google.com/file/d/1D7jb-7lI3YN3u2Oz_6figgoNcnPjWY4C/view?usp=sharing,,,,,,,,,,,,,,,,,,,,,,,,,
 COHEN AP, SHARON,,Associated Press State Wire: Oregon (OR),2018,#NotInvisible: Why are Native American women vanishing?,Oregon State,U.S National- Canada- Montana ,Access World News,September 6,N/A,Newswire,https://drive.google.com/file/d/1j024rxP3tPzDjotQT34wA9CLNfCA4_EX/view?usp=sharing,,,,,,,,,,,,,,,,,,,,,,,,,
COHEN AP,SHARON ,,Associated Press State Wire: Oregon (OR),2018,Lawmakers seek answers for why Native American women vanish (Seems to be a duplicate of the source above with a different title) ,Oregon State,U.S National- Canada- Montana ,Access World News,September 5,N/A,Newswire,https://drive.google.com/file/d/1RDJ-xCnFi_MvLeB3G8iiUfAQL_xZTncx/view?usp=sharing,,,,,,,,,,,,,,,,,,,,,,,,,
Gallup ,Lauren ,,"Astorian, The (Astoria, OR)",2023,Washington state to form cold case unit focused on missing Indigenous women - At least 113 missing statewide,"Astoria, OR",Washington State,Access World News,April 25,N/A,Newspaper,https://drive.google.com/file/d/1LTZbPIomqQgyG7YiF_ZyTa3XHxxyear_/view?usp=sharing,,,,,,,,,,,,,,,,,,,,,,,,,
Goodell ,Emily,,"Astorian, The (Astoria, OR)",2019,My sister didn't deserve this' - Native women at risk of violence,"Astoria, OR","Yakima County, WA-  Washington State- National. ",Access World News,September 3,003 Section A,Newspaper,https://drive.google.com/file/d/1e93FBmJ4lAgDr37nXeYUmzlf-1-ajyXb/view?usp=sharing,,,,,,,,,,,,,,,,,,,,,,,,,
LaMora,Nick,,Beaverton Valley Times (OR),2025,Second Pacific University Powwow to honor missing and murdered Indigenous people,"Beaverton, Washington County, OR ","Beaverton, Washington County, OR ",Access World News,April 30,N/A,Newspaper,https://drive.google.com/file/d/1rRk8aonPO_zidtMug7RGZyIf1uL2nZxa/view?usp=drive_link,,,,,,,,,,,,,,,,,,,,,,,,,
,,,,,,,,,,,,,,,,,,,,,,,,,,,,,,,,,,,,,
,,,,,,,,,,,,,,,,,,,,,,,,,,,,,,,,,,,,,
,,,,,,,,,,,,,,,,,,,,,,,,,,,,,,,,,,,,,
,,,,,,,,,,,,,,,,,,,,,,,,,,,,,,,,,,,,,
,,,,,,,,,,,,,,,,,,,,,,,,,,,,,,,,,,,,,
EMILY,,,,,,,,,,,,,,,,,,,,,,,,,,,,,,,,,,,,,
Gibson,Martin,,Columbia Gorge News,2025,Round Dance draws community in support of MMIP,"Hood River, OR","The Dalles, OR; Oregon; Portland, OR; Omak, WA; New Mexico",Access World News,"May 27th, 2025",N/A,Newspaper,https://drive.google.com/file/d/1n0ErFKLXzR5d_uCZRKHT7WS58oZmUkQe/view?usp=sharing,,,,,,,,,,,,,,,,,,,,,,,,,
Staff Writer,,,Columbia Gorge News,2024,"""Portaits in Red"" opens at Warm Springs","Hood River, OR","Warm Springs, OR; Oregon; Ney York City, NY; Ontario, CAN",Access World News,"June 4th, 2024",N/A,Newspaper,https://drive.google.com/file/d/1P5tUda0JE1Sse8m9M8hToFx45k6dQqoC/view?usp=sharing,,,,,,,,,,,,,,,,,,,,,,,,,
Staff Writer,,,Columbia Gorge News,2023,"FBI dedicates investigatiive, victim specialist resources to Indigenous women and children","Hood River, OR","Portland, OR, Bend, OR; Seattle, WA; Oregon; Washington D.C.",Access World News,"October 10th, 2023",N/A,Newspaper,https://drive.google.com/file/d/1AFtHOKkDaW55YY8NygemcrwnX9EL8gnT/view?usp=sharing,,,,,,,,,,,,,,,,,,,,,,,,,
Kaufman,Tammy,,Columbia Gorge News,2021,May 5 honored missing and murdered Indigenous persons: 'Bring them home' bill proposed ,"Hood River, OR","Washington; Oregon; Yakima Nation, WA",Access World News,"May 12th, 2021",N/A,Newspaper,https://drive.google.com/file/d/12OZevfjOzUd-IXYTnTx4pwhgkVwIxCL0/view?usp=sharing,,,,,,,,,,,,,,,,,,,,,,,,,
Kaufman,Tammy,,Columbia Gorge News,2021,Activities supports Indigenous women and girls: Virtual activities run from April 29-May 5,"Hood River, OR","Klickitat County, WA; Washington; Oregon; Alaska",Access World News,"April 28th, 2021",N/A,Newspaper,https://drive.google.com/file/d/1l-NVjkS08XZDFihGnWj7hD_HZVVVJ37M/view?usp=sharing,,,,,,,,,,,,,,,,,,,,,,,,,
Melanie,Henshaw,,Corvalis-Gazette Times,2025,Bill would allow Oregon tribes to formally Petition for removal of state control ,"Corvalis, OR","Bend, OR; Oregon; Confederated Tribes of Umatilla Indian Reservation, OR; Confederated Tribes of Warm Springs Indian Reservation, OR;",Access World News,"March 26th, 2025",N/A,Newspaper,https://drive.google.com/file/d/1SDUmFITqqgDUlG3uKohH6EF67ZwMZhmO/view?usp=sharing,,,,,,,,,,,,,,,,,,,,,,,,,
Miller,Bruce,,Corvalis-Gazette Times,2022,"Hilary Swank stars in ""Alaska Daily"", a drama that uplifts journalism","Corvalis, OR","Alaska; Anchorage, Alaska; New York",Access World News,"October 22nd, 2022",N/A,Newspaper,https://drive.google.com/file/d/1C1xqma0aGcVvEmKczVAZaqg80OUMIqvS/view?usp=sharing,,,,,,,,,,,,,,,,,,,,,,,,,
Lee,Linda,,Curry Coastal Pilot,2025,Tolowa Dee-ni' Nation Hosted Awarness Walk for Missing and Murdered Indigenous People,"Brookings, OR","Tolowa Dee-ni' Nation, OR; Del Norte County, CA; Curry County, OR; Bookings, OR",Access World News,"May 8th, 2025",N/A,Newspaper,https://drive.google.com/file/d/1qeFxSDcJ1TNqgqm1nQDmenGGJWKelTjt/view?usp=sharing,,,,,,,,,,,,,,,,,,,,,,,,,
Lee,Linda,,Curry Coastal Pilot,2025,Tolowa Dee-ni' Nation Hosted Awarness Walk for Missing and Murdered Indigenous People; High Rates of Violence Plague Native American and Alaska Native Communities,"Brookings, OR","Tolowa Dee-ni' Nation, OR; Del Norte County, CA; Curry County, OR; Bookings, OR; Crescent City, CA",Access World News,"April 29th, 2025",N/A,Newspaper,https://drive.google.com/file/d/1SsJ7GNzIn-R3UasOlOsWrzQxNy2V6ekq/view?usp=sharing,,,,,,,,,,,,,,,,,,,,,,,,,
Lydon,Tim,,Curry Coastal Pilot,2022,How much will a name change change?,"Brookings, OR",Alaska; New Mexico; Colorado; Montana; Washington; Oregon,Access World News,"May 19th, 2022",N/A,Newspaper,https://drive.google.com/file/d/1gdmFz6wPzLYsFEfZ82S5ZnA9KPipQ3Am/view?usp=sharing,,,,,,,,,,,,,,,,,,,,,,,,,
,,,"Daily Barometer, The: Oregon State University

",2019,"OSU student testifies before State Senate, protects Native American women","Corvalis, OR","Oregon; Corvalis, OR",Access World News,"May 28th, 2019",N/A,Newspaper,https://drive.google.com/file/d/1uGMQwk34cY3zB43DrPIoZcNUqQTvsx_8/view?usp=sharing,,,,,,,,,,,,,,,,,,,,,,,,,
Ryder,Mia,,"Daily Emerald: University of Oregon

",2021,REDress poetry event honors missing and murdered Indigenous women ,"Eugene, OR","Springfield, OR; Willamette River, OR; Oregon",Access World News,"May 8th, 2021",N/A,Web-Only Source,https://drive.google.com/file/d/1Htw2G01lErUnDc3mjy6pPoHhgPdMYSAt/view?usp=sharing,,,,,,,,,,,,,,,,,,,,,,,,,
Thorson,Berit,,East Oregonian,2024,Governer's budget proposal includes tribal priorities - Kotek continues to push for housing and homelessness funds,"Pendleton, OR","Umatilla County, OR; Oregon; Confederated Tribes of Umatilla Indian Reservation, OR ",Access World News,"December 11th, 2024",N/A,Newspaper,https://drive.google.com/file/d/1Fl4GN4AAovJE_OSLVQet3F7YiCXbDZpt/view?usp=sharing,,,,,,,,,,,,,,,,,,,,,,,,,
Bartoo-Smith,Nika,Jarette Werk,East Oregonian,2024,Dancing to honor those missing - Oregon Ravens player Kola Shippentower and CTUIR youth honor missing and murdered Indigenous relatives,"Pendleton, OR","Umatilla, OR; Seattle, WA; Milwaukie, OR; Oregon; Lummi Nation, WA",Access World News,"May 11th, 2024",N/A,Newspaper,https://drive.google.com/file/d/1dhkruP3ro0F-SQx01BH_yQe1UByrwAfs/view?usp=sharing,,,,,,,,,,,,,,,,,,,,,,,,,
Ayer,Tammy,,East Oregonian,2024,"Event spotlights missing, murdered Indigenous people","Pendleton, OR","Confederated Tribes of Umatilla Indian Reservation, OR; Mission, OR; Yakima Nation, WA; Warm Springs Reservation, OR; Oklahoma",Access World News,"April 27th, 2024",N/A,Newspaper,https://drive.google.com/file/d/1FSdINzNUtsdFXecvgblHmguBi9HqZh2V/view?usp=sharing,,,,,,,,,,,,,,,,,,,,,,,,,
East Oregonian,,,East Oregonian,2023,Feves Gallery features works of David Stump,"Pendleton, OR","Confederated Tribes of Umatilla Indian Reservation, OR; Walla Walla, WA; Pendleton, OR; Portland, OR ",Access World News,November 7th 2023,N/A,Newspaper,https://drive.google.com/file/d/1pH8XZRDmGYF-k5r9iuYbfzVJq4F8fXC1/view?usp=sharing,,,,,,,,,,,,,,,,,,,,,,,,,
,,,East Oregonian,2023,"Giving a voice to those without one - Red Dress event honors, calls attention to missing and murdered Indigenous people","Pendleton, OR","Confederated Tribes of Umatilla Indian Reservation, OR; Mission, OR; Yakima Nation, WA; Warm Springs Reservation, OR; U.S. Highway 97, WA",Access World News,"July 4th, 2023",N/A,Newspaper,https://drive.google.com/file/d/1cVYo5t2uwgrVCOrOzZxLjdJdkDwV7Jw6/view?usp=sharing,,,,,,,,,,,,,,,,,,,,,,,,,
Kickingwoman,Kolby,,East Oregonian,2023,State of Indian Nations: 'We have incredible momentum' - 2023 State of Indian Nations addresses calls on tribal leaders to pushing on issues Facing Indian country,"Pendleton, OR","Washington D.C.; Quinault Indian Nation, WA; Massachusettes; ",Access World News,"March 14th, 2023",N/A,Newspaper,https://drive.google.com/file/d/1B6jIMJhjYUcPLArnfkS3vA02O7kRktwK/view?usp=sharing,,,,,,,,,,,,,,,,,,,,,,,,,
Dole,Bryce,Zack Demars,East Oregonian,2022,Voices of resilience - Justice lags for Indigenous survivors of violence,"Pendleton, OR","Mission, OR; Confederated Tribes of Umatilla Indian Reservation, OR; Blue Mountains, OR; Oregon; Yakima Reservation, WA; Warm Springs Reservation, OR; Portland, OR; Oklahoma",Access World News,"July 16th, 2022",N/A,Newspaper,https://drive.google.com/file/d/1ZfH02ng7KUqIYOzbI7DjYqSdXwBSMt3s/view?usp=sharing,,,,,,,,,,,,,,,,,,,,,,,,,
Dake,Lauren,,East Oregonian,2021,Oregon releases first missing and murdered Indigenous persons report,"Pendleton, OR","Oregon; Salem, OR; Toppenish, WA; Yakima, WA",Access World News,"February 23rd, 2021",N/A,Newspaper,https://drive.google.com/file/d/1W9eLtcDjNVZDoNSuV2hn6j_7sT098i3O/view?usp=sharing,,,,,,,,,,,,,,,,,,,,,,,,,
,,,East Oregonian,2019,"Art, awarness during Native American Heritage Month","Pendleton, OR","La Grande, OR; Pendleton, OR; ",Access World News,"December 10th, 2019",N/A,Newspaper,https://drive.google.com/file/d/1paJ7buOBXDdAl0MGQPGNDnp0nZU2bz9u/view?usp=sharing,,,,,,,,,,,,,,,,,,,,,,,,,
Aney,Kathy,,East Oregonian,2019,Our stolen sisters - Native women have a murder rate 10 times higher than the national average,"Pendleton, OR","Confederated Tribes of Umatilla Indian Reservation, OR; Pendleton, OR; Washington; Oregon; Spirit Lak Nation, ND",Access World News,"May 7th, 2019",N/A,Newspaper,https://drive.google.com/file/d/1yW0nvlZLA8Q0BXC3Xkl_B2H3xpcZf2Ck/view?usp=sharing,,,,,,,,,,,,,,,,,,,,,,,,,
Aney,Kathy,,East Oregonian,2019,"Strong, resilient, Indigenous - Female MMA fighter finds healing in the cage","Pendleton, OR","Confederated Tribes of Umatilla Indian Reservation, OR; Pendleton, OR; Walla Walla, WA; Portland, OR",Access World News,"April 277th, 2019",N/A,Newspaper,https://drive.google.com/file/d/1HlFZTvKtbga69h_WmjJuMidt68EcczEr/view?usp=sharing,,,,,,,,,,,,,,,,,,,,,,,,,
,,,East Oregonian,2018,Shooting leads to community building,"Pendleton, OR","Confederated Tribes of Umatilla Indian Reservation, OR; Umatill Reservation, OR; Idaho; Seattle, WA; Alberta, CAN",Access World News,"July 10th, 2018",N/A,Newspaper,https://drive.google.com/file/d/1Q0qwUUrU52IjQFRBa48AEAT8BT7zXFVd/view?usp=sharing,,,,,,,,,,,,,,,,,,,,,,,,,
,,,East Oregonian,2017,HERMISTON - Sisters act in award-winning 48 hour film project,"Pendleton, OR","Hermiston, OR; Portland, OR; South Dakota; Paris, France",Access World News,"August 1st, 2017",N/A,Newspaper,https://drive.google.com/file/d/108HZd3s-4aHSL0zo7gW-JncLELH87RNG/view?usp=sharing,,,,,,,,,,,,,,,,,,,,,,,,,
,,,East Oregonian,2016,CTUIR memenbers stand with Standing Rock,"Pendleton, OR","Confederated Tribes of Umatilla Indian Reservation, OR; Cannon Ball, ND; Portland, OR; Illonois; Canada",Access World News,"October 31st, 2016",N/A,Newspaper,https://drive.google.com/file/d/1giNpso7AzGKu0_xjDG2bCQ0FuTxKjcDV/view?usp=sharing,,,,,,,,,,,,,,,,,,,,,,,,,
LaMora,Nick,,Forest Grove News Times,2025,Second Pacific University Powwow to honor missing and murdered Indigenous people,"Forest Grove, OR","Beaverton, OR; Forest Grove, OR; Hillsboro, OR; Oregon",Access World News,"April 30th, 2025",N/A,Newspaper,https://drive.google.com/file/d/1OOvYAD72Yu3eSBwTySFyauBjdehnKUjg/view?usp=sharing,,,,,,,,,,,,,,,,,,,,,,,,,
Henshaw,Melanie,,Herald and News,2024,"Missing the mark - Disappearances of Native American women in Oregon remain an 'emergency', report finds","Klamath Falls, OR","Washington; Oregon; Salem, OR; La Grande, OR; Pendleton, OR; North Portland, OR; Confederated Tribes of Warm Springs Reservation, OR; ",Access World News,"June 27th, 2024",N/A,Newspaper,https://drive.google.com/file/d/1rNd4VrttuiYoEE3oVyYpQdB13WYCP8xe/view?usp=sharing,,,,,,,,,,,,,,,,,,,,,,,,,
,,,Herald and News,2023,"Klamath Tribes host day of awareness - Event remembers murdered, missing, Indigenous people","Klamath Falls, OR","Warm Springs, OR; Oregon; Klamath Falls, OR; Klamath County, OR; Chiloquin, OR",Access World News,"May 10th, 2023",N/A,Newspaper,https://drive.google.com/file/d/1DZFEIZjTIG3C-kGPgkQ3ZPmpD07R1FS0/view?usp=sharing,,,,,,,,,,,,,,,,,,,,,,,,,
Farrell-Smith,Ka'ila,,Herald and News,2019,Why I refuse to hang my painting in Gov. Brown's office,"Klamath Falls, OR","Klamath County, OR; Salem, OR; Oregon; Washington D.C.; Portland, OR; Standing Rock, ND",Access World News,"September 24th, 2019",N/A,Newspaper,https://drive.google.com/file/d/1zQQxwOiDLMwz-MRwECftNG4D2KnDvyih/view?usp=sharing,,,,,,,,,,,,,,,,,,,,,,,,,
The Seattle Times,,,Herald and News,2019,Bringing attention to missing and murdered Indigenous women,"Klamath Falls, OR","Cheney, WA; Washington; Cowlitz Tribe, WA; Iowa; Washington D.C.",Access World News,"June 19th, 2019",N/A,Newspaper,https://drive.google.com/file/d/1ponsYB1BCKm_h57cd1yYhDOJbMVniqFB/view?usp=sharing,,,,,,,,,,,,,,,,,,,,,,,,,
Dole,Bryce ,,"Hermiston HHerald, The",2022,Native women raise voices of resilience - Justice lags for Indigenous survivors of violence,"Hermiston, OR","Yakima Reservation, WA; Oklahoma; Confederated Tribes of Umatilla Indian Reservation, OR; Oregon; Blue Mountains, OR; Warm Springs Reservation, OR",Access World News,"July 20th, 2022",N/A,Newspaper,https://drive.google.com/file/d/1_x4zlf0v1IIi5NOB3cKgKw_GAQAOBLSH/view?usp=sharing,,,,,,,,,,,,,,,,,,,,,,,,,
,,,,,,,,,,,,,,,,,,,,,,,,,,,,,,,,,,,,,
,,,,,,,,,,,,,,,,,,,,,,,,,,,,,,,,,,,,,
JAKE,,,,,,,,,,,,,,,,,,,,,,,,,,,,,,,,,,,,,
Jackson,Teresa,,Madras Pioneer(2001-2025),2020,Missing & Murdered,"Madras, Jefferson County, Oregon","Yuba City, Sutter County, California
Montana
Yakima, Yakima County, Washington",Access World News,"February 5, 2020",N/A,Newspaper,https://drive.google.com/file/d/1qP_GaCFgWC40ojqOU3sxB-R7nZprpOBV/view?usp=drive_link,,,,,,,,,,,,,,,,,,,,,,,,,
KING 5 Staff ,,,NBC - 8 KGW(2006-2025),2023,"Proposed Washington cold case unit would target missing, murdered Indigenous cases - The unit would help local and tribal law enforcement solve MMIWP cold cases and include investigators and family liaisons.","Portland, Multnomah County, Oregon",Washington,Access World News,"January 6, 2023 ",N/A,Newspaper,https://drive.google.com/file/d/1euXIfQncoAFF5DWl86593-4SsNtJlu5O/view?usp=drive_link,,,,,,,,,,,,,,,,,,,,,,,,,
KING 5 Staff ,,,NBC - 8 KGW(2006-2025),2022,"Body found near Burke-Gilman Trail was that of missing Indigenous woman, family says - Mavis Nelson's body was found in the Kincaid Ravine in June.","Portland, Multnomah County, Oregon","Seattle, King County, Washington",Access World News,"August 3, 2022 ",N/A,Newspaper,https://drive.google.com/file/d/1euXIfQncoAFF5DWl86593-4SsNtJlu5O/view?usp=drive_link,,,,,,,,,,,,,,,,,,,,,,,,,
Randhawa,PJ ,,NBC - 8 KGW(2006-2025),2022,Come look for me': How Native families plan for their own abductions by forming safety systems - The latest figures from Washington State Patrol records show 126 Indigenous people in the state who aren't accounted for.,"Portland, Multnomah County, Oregon","Tulalip Reservation, Snohomish County, Washington
Tacoma, Pierce County, Washington
Parkland, Pierce County, Washington
Fife, Pierce County, Washington
Shelton, Mason County, Washington
Clallam Bay, Clallam County, Washington
Auburn, King County, Washington
Yakima, Yakima County, Washington
White Swan, Yakima County, Washington
Toppenish, Yakima County, Washington
Wapato, Yakima County, Washington
Spokane, Spokane County, Washington
Copalis Beach, Grays Harbor County, Washington
Colfax, Whitman County, Washington
Anacortes, Skagit County, Washington
Lyle, Klickitat County, Washington
Kent, King County, Washington
Seattle, King County, Washington
Nespelem, Okanogan County, Washington
Aberdeen, Grays Harbor County, Washington
La Conner, Skagit County, Washington
Renton, King County, Washington
Quinault Indian Reservation, Grays Harbor County, Washington
Neah Bay, Clallam County, Washington
Kelso, Cowlitz County, Washington
Port Orchard, Kitsap County, Washington
Federal Way, King County, Washington
Omak, Okanogan County, Washington
Taholah, Grays Harbor County, Washington


",Access World News,"May 5, 2022 ",N/A,Newspaper,https://drive.google.com/file/d/1euXIfQncoAFF5DWl86593-4SsNtJlu5O/view?usp=drive_link,,,,,,,,,,,,,,,,,,,,,,,,,
"Henshaw
",Melanie,,"Observer, The(La Grande,OR)",2024,4-year-old Oregon report identifies missing Native American women as an ‘emergency’ — but progress has been limited,"La Grande, Union County, Oregon","La Grande, Union County, Oregon",Access World News,"June 17, 2024",N/A,Newspaper,https://drive.google.com/file/d/11OrcOJ4yXshHXgDLf38UUZAl_oH94smB/view?usp=drive_link,,,,,,,,,,,,,,,,,,,,,,,,,
Wright,Phil ,,"Observer, The(La Grande,OR)",2023,"Red Dress event honors, calls attention to missing and murdered indigenous people","La Grande, Union County, Oregon","Yakama Reservation, Yakima County, Washington",Access World News,"July 4, 2023 ",N/A,Newspaper,https://drive.google.com/file/d/11OrcOJ4yXshHXgDLf38UUZAl_oH94smB/view?usp=drive_link,,,,,,,,,,,,,,,,,,,,,,,,,
Dole,Bryce,Zack Demars,"Observer, The(La Grande,OR)",2022,Voices of resilience: Justice lags for Indigenous survivors of violence,"La Grande, Union County, Oregon","La Grande, Union County, Oregon",Access World News,"July 16, 2022 ",N/A,Newspaper,https://drive.google.com/file/d/1wIeldcK8cyuAVVEw3qvYIj2fSKWsqNrY/view?usp=drive_link,,,,,,,,,,,,,,,,,,,,,,,,,
Dole,Bryce,Zack Demars,"Oregon Capital Insider(Pendleton,OR)",2022,"Justice lags for Indigenous survivors of violence
","Pendleton, Umatilla County, Oregon","La Grande, Union County, Oregon",Access World News,"July 16, 2022 ",N/A,Newspaper,https://drive.google.com/file/d/1lRuHyuJientBh8I87A-mhtA32znBgu2_/view?usp=drive_link,,,,,,,,,,,,,,,,,,,,,,,,,
Bryan,Susan Montoya,,"Oregonian, The(Portland,OR)",2023,Indigenous families honor missing relatives,"Portland, Multnomah County, Oregon","Northern Cheyenne Reservation, Rosebud County, Montana",Access World News,"May 7,2023",18,Newspaper-Image Edition,https://drive.google.com/file/d/1J0_h_vawkl1c23SclwK6jCCdtyhhpReH/view?usp=drive_link,,,,,,,,,,,,,,,,,,,,,,,,,
Dole,Bryce,Zack Demars,"Oregonian, The(Portland,OR)",2022,Oregon women raise voices of resilience,"Portland, Multnomah County, Oregon","Umatilla Indian Reservation, Umatilla County, Oregon",Access World News,"August 8, 2022",1,Newspaper-Image Edition,https://drive.google.com/file/d/1Ku2ad5m64dfRwyzXvFwj09EdTLqB0fE_/view?usp=drive_link,,,,,,,,,,,,,,,,,,,,,,,,,
Aadland,Chris,,"Oregonian, The(Portland,OR)",2022,"City’s work on missing, murdered Indigenous people expands from awareness to prevention","Portland, Multnomah County, Oregon","Warm Springs Reservation, Jefferson County, Oregon",Access World News,"May 3, 2022",4,Newspaper-Image Edition,https://drive.google.com/file/d/1RfILmtsuhgiMc9wZ1TSz3yQb67APb1zH/view?usp=drive_link,,,,,,,,,,,,,,,,,,,,,,,,,
Bull,Brian,,"Oregonian, The (2017-2025)",2021,"Efforts to address missing, killed Indigenous women falter","Portland, Multnomah County, Oregon","Warm Springs Reservation, Oregon
Yakama Indian Reservation, Washington",Access World News,"May 7, 2021",9,Newspaper-Image Edition,https://drive.google.com/file/d/1SSJxkMecZ4wjDaBCfS9eSc9FGn5bf-cD/view?usp=drive_link,,,,,,,,,,,,,,,,,,,,,,,,,
Nowell,Cecilia ,,"Oregonian, The (2017-2025)",2021,Interior launches effort to solve crimes,"Portland, Multnomah County, Oregon","Umatilla Indian Reservation, Umatilla County, Oregon",Access World News,"April 21, 2021",18,Newspaper-Image Edition,https://drive.google.com/file/d/1Nrb3A6lVjE57MGc_KFbZtLHXjm3D507k/view?usp=drive_link,,,,,,,,,,,,,,,,,,,,,,,,,
Ayer,Tammy,,"Bulletin, The(2005-2025)",2024,"Old photo, private investigator reopen 1957 murder case - Pendleton resident killed during a visit to the Yakama Reservation in Washington
","Bend, Deschutes County, Oregon","Toppenish, Yakima County, Washington",Access World News,"September 4, 2024",N/A,Newspaper,https://drive.google.com/file/d/1hrX9B8HUszt3ZL77YbbeWetZwthhC-Rf/view?usp=drive_link,,,,,,,,,,,,,,,,,,,,,,,,,
Wright,Phil,,"Bulletin, The(2005-2025)",2023,Giving a voice to missing and murdered,"Bend, Deschutes County, Oregon","Yakama Reservation, Yakima County, Washington",Access World News,"July 4, 2023 ",N/A,Newspaper,https://drive.google.com/file/d/1L3F9fpGvB_9j1VtABx2p77hcOEv0sT3m/view?usp=drive_link,,,,,,,,,,,,,,,,,,,,,,,,,
Dole,Bryce,Zack Demars,"Bulletin, The(2005-2025)",2022,"Justice lags for Indigenous survivors of violence

","Bend, Deschutes County, Oregon","La Grande, Union County, Oregon",Access World News,"July 17, 2022 ",N/A,Newspaper,https://drive.google.com/file/d/1L3F9fpGvB_9j1VtABx2p77hcOEv0sT3m/view?usp=drive_link,,,,,,,,,,,,,,,,,,,,,,,,,
Ayer,Tammy,,"Bulletin, The(2024-2025)",2024,"Old photo, private investigator reopen 1957 murder case - Pendleton resident killed during a visit to the Yakama Reservation in Washington
","Bend, Deschutes County, Oregon","Mackay, Butte County, Idaho",Access World News,"September 4, 2024","1,5",Newspaper,https://drive.google.com/file/d/1VERy-b8GBMsEp3G5YETJOqqz6TyteuWJ/view?usp=drive_link,,,,,,,,,,,,,,,,,,,,,,,,,
DYLAN,,,,,,,,,,,,,,,,,,,,,,,,,,,,,,,,,,,,,
Brown,Karina,,The Oregonian,2022,"Focus on murdered, missing Indigenous people extends beyond reservations The majority of Native Americans live in cities and also experience high rates of violence","Portland, Multnomah, OR","Portland, Multnomah, OR",Access World News,"August 12, 2022",,Newspaper,https://drive.google.com/file/d/1hStQpRB6MSsfrtQaSHHndFoG4aZoQkpt/view?usp=drive_link,,,,,,,,,,,,,,,,,,,,,,,,,
Ding,Jaimie,,The Oregonian,2021,"Crowd recognizes missing, murdered Indigenous people","Portland, Multnomah, OR","Portland, Multnomah, OR",Access World News,"May 7, 2021",,Newspaper,https://drive.google.com/file/d/12nLfp5V7nHHaNcUpWZuQpcBtcnDtyoxy/view?usp=drive_link,,,,,,,,,,,,,,,,,,,,,,,,,
Ding,Jaimie,,The Oregonian,2021,First report on missing and murdered Indigenous persons in Oregon released,"Portland, Multnomah, OR","Portland, Multnomah, OR",Access World News,"February 24, 2021",,Newspaper,https://drive.google.com/file/d/1kQdxIypVnB3Kf6aVWc8LBvNf2isDGUQr/view?usp=drive_link,,,,,,,,,,,,,,,,,,,,,,,,,
Brown,Karina,,The Oregonian: Web Edition Articles,2022,"Focus on murdered, missing Indigenous people extends beyond reservations The majority of Native Americans live in cities and also experience high rates of violence","Portland, Multnomah, OR","Portland, Multnomah, OR",Access World News,"August 7, 2022",,Web-Only Source,https://drive.google.com/file/d/1gTnNWaSqe1WotfMqeYtQPtw02A1y1F57/view?usp=drive_link,,,,,,,,,,,,,,,,,,,,,,,,,
Aadland,Chris,,The Oregonian: Web Edition Articles,2022,"City of Portland's work on missing, murdered Indigenous people expands from awareness to prevention","Portland, Multnomah, OR","Portland, Multnomah, OR",Access World News,"May 2, 2022",,Web-Only Source,https://drive.google.com/file/d/1_O5rxOX_KlsXDgjYZ9gOqyOGGt_wTvja/view?usp=drive_link,,,,,,,,,,,,,,,,,,,,,,,,,
Ding,Jaimie,,The Oregonian: Web Edition Articles,2021,"Crowd gathers on Portland waterfront to recognize missing, murdered Indigenous people","Portland, Multnomah, OR","Portland, Multnomah, OR",Access World News,"May 6, 2021",,Web-Only Source,https://drive.google.com/file/d/18LQhny8neHecBvs8jg1cfvc73rSBjncF/view?usp=drive_link,,,,,,,,,,,,,,,,,,,,,,,,,
Bull,Brian,,The Oregonian: Web Edition Articles,2021,"Efforts to address missing, killed Indigenous women falter in Oregon despite new law","Portland, Multnomah, OR","Yakama, Yakama, WA",Access World News,"May 5, 2021",,Web-Only Source,https://drive.google.com/file/d/1GfZn7ZFA9-4LtSy0FSsrQ5t3BC9cJCBL/view?usp=drive_link,,,,,,,,,,,,,,,,,,,,,,,,,
Ding,Jaimie ,,The Oregonian: Web Edition Articles,2021,Oregon releases first missing and murdered Indigenous persons report,"Portland, Multnomah, OR","Portland, Multnomah, OR",Access World News,"February 20, 2021",,Web-Only Source,https://drive.google.com/file/d/1cELM1BnHtnIcYLetPJONKYTaN4dR0DYG/view?usp=drive_link,,,,,,,,,,,,,,,,,,,,,,,,,
Meza,Ashley,,The Pacific Index: Pacific University,2021,Missing White Woman Syndrome: The Gabby Petito Case,"Forest Grove, Washington, OR","Forest Grove, Washington, OR",Access World News,"October 26, 2021",,Newspaper,https://drive.google.com/file/d/1TQTrbZha-KkjyZLjwu_RjC1U-uVciL9d/view?usp=drive_link,,,,,,,,,,,,,,,,,,,,,,,,,
Cyr,Miranda,,The Register-Gaurd,2025,It's a crisis': Oregon groups spread awareness for murdered and missing Indigenous people,"Eugene, Lane, OR","Eugene, Lane, OR",Access World News,"May 7, 2025",,Newspaper,https://drive.google.com/file/d/1zWp5bfmItZ9gOyHbnG0wTLXR70KqyiNW/view?usp=drive_link,,,,,,,,,,,,,,,,,,,,,,,,,
Ayer,Tammy,,Rogue Valley Times,2024,"Old photo, PI keep focus on solving 1957 murder of Umatilla tribal member","Medford, Jackson, OR","Yakama, Yakama, WA",Access World News,"September 5, 2024",,Newspaper,https://drive.google.com/file/d/1Mf95bnBhZTTZ_0_4RFoyS00EZcKSotv2/view?usp=drive_link,,,,,,,,,,,,,,,,,,,,,,,,,
DURAN,,,,,,,,,,,,,,,,,,,,,,,,,,,,,,,,,,,,,
LaMora,Nick,,Tigard-Tualatin-Sherwood Times,2025,Second Pacific University Powwow to honor missing and murdered Indigenous people,"Tigard, Washington, OR","Forest Grove, Washington, Oregon",NewsBank,"April 30, 2025",1,Newspaper,https://drive.google.com/file/d/1QflBCsLCzpk1iQmq0hzvgAIxgVGbOgb7/view?usp=drive_link,,,,,,,,,,,,,,,,,,,,,,,,,
Lohre,Will,,Tillamook Headlight-Herald,2024,Raising Awareness: Honoring the missing and the murdered,"Tillamook, Tillamook, OR","St. Helens, Columbia, Oregon",NewsBank,"May 8, 2024",1,Newspaper,https://drive.google.com/file/d/113LECXgNX-AiCqeHPhiqu95xBxH-sTsX/view?usp=sharing,,,,,,,,,,,,,,,,,,,,,,,,,
Wyden,Merkley,,Tillamook Headlight-Herald,2022,"Wyden, Merkley: More than $1.6 Million to Oregon Tribes to Address Sexual Violence","Tillamook, Tillamook, OR","Siletz, Lincoln, Oregon; Chiloquin, Klamath, Oregon; Portland Multnomah, OR",NewsBank,"October 12, 2022",1,Newspaper,https://drive.google.com/file/d/1RXI-H42CfkvXKlB_cr_wBZ27nYPfoCcI/view?usp=sharing,,,,,,,,,,,,,,,,,,,,,,,,,
N/A,N/A,,Tillamook Headlight-Herald,2022,"Sexual Violence: Tribes to receive $1.6 Million for victim, intervention services","Tillamook, Tillamook, OR","Siletz, Lincoln, Oregon; Chiloquin, Klamath, Oregon; Portland Multnomah, OR",NewsBank,"October 10, 2022",1,Newspaper,https://drive.google.com/file/d/1PtWnL01z-h2o2pQ2BTHKKEiZV5baAYL4/view?usp=sharing,,,,,,,,,,,,,,,,,,,,,,,,,
N/A,N/A,,Tillamook Headlight-Herald,2022,"Sexual Violence: Tribes to receive $1.6 Million for victim, intervention services","Tillamook, Tillamook, OR","Siletz, Lincoln, Oregon; Chiloquin, Klamath, Oregon; Portland Multnomah, OR",NewsBank,"October 8, 2022",1,Newspaper,https://drive.google.com/file/d/1U6UxCADStxvF9IXAJG4H0mnJdcl1-BTd/view?usp=sharing,,,,,,,,,,,,,,,,,,,,,,,,,
N/A,N/A,,"Umpqua Post, The",2020,U.S. Attorney and Oregon Attorney General issue joint guidance on enforcement of tribal protection orders,"Reedsport, Douglas, OR","Portland, Multnomah, OR",NewsBank,"January 31, 2020",1,Newspaper,https://drive.google.com/file/d/1Jx7vZODyclDW-u4jI5ZhBngfSdE0mZhF/view?usp=sharing,,,,,,,,,,,,,,,,,,,,,,,,,