,,,,,,,,,,,,,,,,,,,,,,,,,,,,,,,
Author Last Name,Author First Name,Other Authors,Newspaper/Publisher,Publication Year,Article Title,"Publication Location (City, County, State) Where was the article published? ","Contextual Location (City, County, State) Where is the article talking about? If mutliple locations are referenced, list them all. If national, write national","News Source (e.g. Google, Ethnic News Watch, etc)",Date of Publication,"Page # (if applicable, if not, write N/A)",Type,Link (paste to Google drive upload),MMIWG mentioned (1=y 0=n),"discussion of MMIWG movement (1,0)","specifc case (1, 0)","multiple cases (1, 0)","coverage of legal protection or policy (1,0)","News article (1,0)","video/audio (1,0)","national (1,0)","regional (1,0)","local (1,0)","family or friends of victim referenced (1, 0)","details on victim life (1, 0)","details on perpetrator (1, 0)",# of govt officials referenced,# of ordinary people referenced,# of experts referenced ,# of id male,# of id female,# of gender unID
EDEN ,,,,,,,,,,,,,,,,,,,,,,,,,,,,,,,
Brown,Ruth,,Idaho Press,2023,We are not heard': Indigenous women look for answers in high missing persons rate ,"Nampa, Canyon County, ID",Idaho,Access World News,"November 5, 2023",14,Newspaper,https://drive.google.com/file/d/1MGAbSw4g41u4bhmr7qzyUiLlWoqL8lmC/view?usp=share_link,1,1,1,1,1,,,,,,1,1,0,,,,,,
Kuipers,Anthony,,Idaho Press,2023,Idaho students start database for Indigenous victims ,"Nampa, Canyon County, ID","Moscow, Latah County, ID",Access World News,"April, 26, 2023",3,Newspaper,https://drive.google.com/file/d/1OX28UT5bMyf0Ytp79RCX26DF1TqAmf5S/view?usp=share_link,1,1,0,1,0,,,,,,0,0,1,,,,,,
Neale,April,,Idaho Press,2022,"Treature Valley TV Talk: Producer/director - Oliver Bokelberg talks ABC series, 'Alaska Daily'","Nampa, Canyon County, ID","Alaska, National",Access World News,"November 13, 2022",4,Newspaper,https://drive.google.com/file/d/1pC7ZMGtXF-b9r5zcKQzQ5EX1yHLW-dFs/view?usp=share_link,1,0,1,1,1,,,,,,1,0,0,,,,,,
Moseley-Morris,Kelcie,,Idaho Press,2021,Boise State report says 75% of missing - Indigenous people in Idaho are women,"Nampa, Canyon County, ID","Boise, Ada County, ID, Idaho, National",Access World News,"October 30, 2021",1,Newspaper,https://drive.google.com/file/d/1gy-vIriW9HK9yWc17YzbY8-Pt4E2HzAX/view?usp=share_link,1,1,0,1,1,,,,,,1,0,0,,,,,,
N/A,N/A,,Idaho Press,2020,Enabling justice for missing and murdered indigenous women ,"Nampa, Canyon County, ID",National,Access World News,"July 15, 2020",6,Newspaper,https://drive.google.com/file/d/16OeqORggLwJqEpHCtGXFulzkZtlyMK_t/view?usp=share_link,1,1,1,1,1,,,,,,1,1,0,,,,,,
Spacek,Rachel,,Idaho Press,2020,"State, tribal officials aim to learn more about missing and murdered indigenous people - Another summit planned for April in North Idaho ","Nampa, Canyon County, ID","Boise, Ada County, ID, Idaho, National",Access World News,"February 23, 2020",3,Newspaper,https://drive.google.com/file/d/1RUFmjh2yGhDUQgErKeijXmxJJku2qrwz/view?usp=share_link,1,1,0,1,1,,,,,,1,0,0,,,,,,
Holm,Kelly,,Idaho Press,2025,Getting to know Angeline Boulley ,"Nampa, Canyon County, ID",National,Access World News,"March 8, 2025",C2,Newspaper-Image Edition,https://drive.google.com/file/d/1MpaxC9pPi6ilTPV-BxfgFlt8n66jS9ac/view?usp=share_link,1,0,0,1,1,,,,,,0,1,0,,,,,,
N/A,N/A,,Idaho Press,2024,"Fancy Dance' balances heartbreak, humor in story of missing Indigenous woman","Nampa, Canyon County, ID","Los Angeles, Los Angeles County, CA",Access World News,"June 20, 2024",A2,Newspaper-Image Edition,https://drive.google.com/file/d/1by9d17ZBR7GWMPMPzY27ihEdNiB3rlYw/view?usp=share_link,1,1,1,1,1,,,,,,1,1,0,,,,,,
Brown,Ruth,,Idaho Press,2023,We are not heard': Indigenous women look for answers in high missing persons rate ,"Nampa, Canyon County, ID",Idaho,Access World News,"November 5, 2023","A14,15",Newspaper-Image Edition,https://drive.google.com/file/d/1srk840NLCPiyK1LI0YHsplufw_RJ5rjh/view?usp=share_link,1,1,1,1,1,,,,,,1,1,0,,,,,,
Simpson,Mike,,Idaho State Journal ,2024,Opinion: The importance of addressing the ongoing missing and murdered indigenous women crisis,"Pocatello, Bannock County, ID","Idaho, National",Access World News,"November 23, 2024",1,Newspaper,https://drive.google.com/file/d/165mqDI0W7dMW095FNa0XCORyNg2vMad7/view?usp=share_link,1,1,0,1,1,,,,,,1,0,0,,,,,,
Calder,Taylor S.,,Idaho State Journal ,2024,RAISING NATIVE VOICES - Three Fort Hall students reach speech and debate nationals in historic first,"Pocatello, Bannock County, ID","Fort Hall, Bingham County, ID",Access World News,"April 13, 2024",1,Newspaper,https://drive.google.com/file/d/18cxEhqLuY9mJGs3MhxJI02toeZpqyZVu/view?usp=share_link,1,0,0,1,0,,,,,,1,0,0,,,,,,
Harris,Shelbie,,Idaho State Journal ,2021,Local event aims to raise awareness about missing and murdered Native Americans ,"Pocatello, Bannock County, ID","Fort Hall, Bingham County, ID, Idaho, National",Access World News,"March 19, 2021",1,Newspaper,https://drive.google.com/file/d/1TEqmqKj018zFsCjHGLOJT7HxCIwfmAwJ/view?usp=share_link,1,1,1,1,1,,,,,,1,1,1,,,,,,
Hassanein,Nada,,The Idaho Statesman Today's Edition ,2025,Domestic violence in communities is focus of new survey,"Boise, Ada County, ID",National,Access World News,"November 10, 2025","49, 50",Newspaper-Image Edition,https://drive.google.com/file/d/1Ye0J65_ZT78y4kXrVy3z4mUzmUAB834J/view?usp=share_link,1,1,0,1,0,,,,,,0,1,1,,,,,,
Charles,Sephora,,The Idaho Statesman Today's Edition ,2025,Thousands of Indigenous families seek answers about missing loved ones in Washington State,"Boise, Ada County, ID","Tacoma, Pierce County, WA, Yakima County, WA, King County, WA, La Grande, Union County, OR, Washington State, OR",Access World News,"September 13, 2025",93-100,Newspaper-Image Edition,https://drive.google.com/file/d/1tJiAjYkzs21EXgUeo6TXfvjHGb32kNmi/view?usp=share_link,1,1,1,1,1,,,,,,1,1,1,,,,,,
Woolfe,Zachary,,The Idaho Statesman Today's Edition ,2024,NY musician builfing great Native American Songbook,"Boise, Ada County, ID","Rochester, Monroe County, NY",Access World News,"November 24, 2024",9B,Newspaper-Image Edition,https://drive.google.com/file/d/1MMjXByqfwlfcsizVuyo_JF48H4CTylSD/view?usp=share_link,1,1,1,1,0,,,,,,1,0,0,,,,,,
Del Rosario,Alexandra,"Jessica Gelt, Yvonne Villarreal",The Idaho Statesman Today's Edition ,2024,"The top 6 highlights of the 2024 Emmys, according to some who were there","Boise, Ada County, ID","Los Angeles, Los Angeles County, CA",Access World News,"September 17, 2024",125,Newspaper-Image Edition,https://drive.google.com/file/d/1Z9FXH9MJ0VIIJUzl6Led6OwPYJAemwbr/view?usp=share_link,1,1,0,1,0,,,,,,1,1,0,,,,,,
Woolfe,Zachary ,,The Idaho Statesman ,2024,NY musician builfing great Native American Songbook,"Boise, Ada County, ID","Rochester, Monroe County, NY",Access World News,"November 24, 2024",9B,Newspaper-Image Edition,https://drive.google.com/file/d/1djQR8dM5a54mayct6IwFjD3DYSEyZUy4/view?usp=share_link,1,1,1,1,0,,,,,,1,0,0,,,,,,
Wiley,Hannah,,The Idaho Statesman ,2023,"After recent killings on California reservation, tribes ask for help to stem violence ","Boise, Ada County, ID","Mendocino/Del Norte/Humboldt County, CA, National",Access World News,"May 14, 2023",11,Newspaper-Image Edition,https://drive.google.com/file/d/1M_6vWRn9L2nPBy0S2QN8T8P449w4m7Md/view?usp=share_link,1,1,1,1,1,,,,,,1,1,1,,,,,,
Wiley,Hannah,,The Idaho Statesman ,2023,Her mother disappeared. The her babysitter. A lawman fears she might be next. ,"Boise, Ada County, ID","Mckinleyville, Humboldt County, CA, National",Access World News,"March 19, 2023","5,6",Newspaper-Image Edition,https://drive.google.com/file/d/1hYhAMAt4JMXS8e82siqwOZmyc8h6vJsQ/view?usp=share_link,1,1,1,1,1,,,,,,1,1,0,,,,,,
Reese,Dianna,,The Idaho Statesman,2022,"Navajo woman walks from Arizona to D.C. to spotlight her missing aunt, other victims ","Boise, Ada County, ID","Arizona, Washington, D.C., National",Access World News,"October 14, 2022","8,9",Newspaper-Image Edition,https://drive.google.com/file/d/1cxUmyFvn9nqFCjiLFqXixmRHG2O0Sser/view?usp=share_link,1,1,1,1,1,,,,,,1,1,0,,,,,,
Zaz,Hollander,,The Idaho Statesman,2022,More than 2 dozen Alaska places will get new names to erase derogatory word for Native women,"Boise, Ada County, ID","Alaska, National",Access World News,"March 26, 2022",3,Newspaper-Image Edition,https://drive.google.com/file/d/1Ko12UBoN74AAKv5KmX-ZO7Dm32aEWq9u/view?usp=share_link,1,1,0,1,1,,,,,,1,0,0,,,,,,
Marquez,Deron,"Keely Marquez, Ted Gover",The Idaho Statesman,2021,"How to deal with the violence against Indigenous women, girls ","Boise, Ada County, ID","Washington, D.C, National",Access World News,"November 13, 2022",4A,Newspaper-Image Edition,https://drive.google.com/file/d/1moqymkzB1d65BNocIPg_vKxO2eB3zTn8/view?usp=share_link,1,1,0,1,1,,,,,,1,0,0,,,,,,
Fonseca,Felicia,Susan Montoya Bryan,The Idaho Statesman,2021,"Families, advocates mark day of awareness for Native victims ","Boise, Ada County, ID","Albuquerque, Bernalillo County, NM, Washington, D.C., National",Access World News,"May 6, 2021",8,Newspaper-Image Edition,https://drive.google.com/file/d/11zqqG9fTCWEo4FAn6Z7kZIH_o2k40a5U/view?usp=share_link,1,1,0,1,1,,,,,,1,0,0,,,,,,
Nowell,Cecilia,,The Idaho Statesman,2021,Advocates: Interior program to fight 'crisis' of violence against Indigenous women,"Boise, Ada County, ID","Canada, United States",Access World News,"April 21, 2021",18,Newspaper-Image Edition,https://drive.google.com/file/d/1HM5fLeyYiC9OqGYjLcd_5IxkOW9VxX3d/view?usp=share_link,1,1,1,1,1,,,,,,1,1,0,,,,,,
Oldham,Diana,,The Idaho Statesman,2020,End the oppression of native women,"Boise, Ada County, ID","Canada, United States",Access World News,"June 10, 2020",5A,Newspaper-Image Edition,https://drive.google.com/file/d/15zP489Cfsb78LQNJ5EhuE_RV1-uihshM/view?usp=share_link,1,0,1,1,1,,,,,,0,1,1,,,,,,
Sewell,Cynthia,,The Idaho Statesman,2020,"Idaho tribes, state officials partner to address violence","Boise, Ada County, ID","Idaho, National",Access World News,"February 20, 2020",4A,Newspaper-Image Edition,https://drive.google.com/file/d/1f96mu8JsuZ6EmqK24HXyV3JbOmhypq9Z/view?usp=share_link,1,1,0,1,1,,,,,,0,0,0,,,,,,
Sewell,Cynthia,,The Idaho Statesman,2020,"Lawmaker addresses missing, murdered indigenous people crisis","Boise, Ada County, ID","Idaho, National",Access World News,"February 13, 2020",4A,Newspaper-Image Edition,https://drive.google.com/file/d/1ip3gImw1VWW9Yq4aJL4mpXZsSdso7Ofu/view?usp=share_link,1,1,0,1,1,,,,,,0,0,0,,,,,,
Fonseca,Felicia,,The Idaho Statesman,2020,Movement to highlight missing Native women expands to Native men,"Boise, Ada County, ID","Arizona, Billings, Yellowstone County, MT, National",Access World News,"Januaray 28, 2020",10,Newspaper-Image Edition,https://drive.google.com/file/d/1Z0AiVe6mngNSljfH8Sg9tFG1azYCiCFb/view?usp=share_link,1,1,1,1,1,,,,,,1,1,0,,,,,,
Healy,Jack,,The Idaho Statesman ,2020,Crisis boils over as 28th Native woman vanishes,"Boise, Ada County, ID","Big Horn County, MT",Access World News,"January 20, 2020","1, 2",Newspaper-Image Edition,https://drive.google.com/file/d/1KFEccIE7_Ax1_Z3vGnBQ5pSNfier-xpb/view?usp=share_link,1,1,1,1,1,,,,,,1,1,1,,,,,,
Healy,Jack,,The Idaho Statesman,2019,A crisis for missing Native women - and a new one when they're found ,"Boise, Ada County, ID","Gallup, McKinkley County, NM, National",Acccess World News,"December 25, 2019","9, 10",Newspaper-Image Edition,https://drive.google.com/file/d/1iZSZrCR2Oz2gURmxjp6JZAIt_iPfxLiU/view?usp=share_link,1,1,1,1,1,,,,,,1,1,0,,,,,,
Sewell,Cynthia,,The Idaho Statesman ,2019,"Number of missing, killed Native women a crisis","Boise, Ada County, ID","Seattle, King County, WA, Albequerque, Bernalillo County, NM, Anchorage, AK, Boise, Ada County, ID, National ",Access World News,"December 15, 2019","1A, 5A",Newspaper-Image Edition,https://drive.google.com/file/d/1jTqmXdk0NMQmHQpgF_5aepS4Q3OECulD/view?usp=share_link,1,1,1,1,1,,,,,,1,1,0,,,,,,
Kole,William J.,,The Idaho Statesman ,2019,No thanks: Native Americans to hold 50th gathering of grief ,"Boise, Ada County, ID","Plymouth, Plymouth County, MA, National ",Access World News,"November 27, 2019",7,Newspaper-Image Edition,https://drive.google.com/file/d/1YfLIp7vlm-J3T0iPUxeRM8cCusG5RFw9/view?usp=share_link,1,1,0,1,0,,,,,,0,0,0,,,,,,
Balsamo ,Michael,Felicia Fonseca ,The Idaho Statesman ,2019,Attorney General Barr unveils plan on missing Native Americans ,"Boise, Ada County, ID",National,Access World News,"November 23, 2019 ","7, 8",Newspaper-Image Edition,https://drive.google.com/file/d/14XvQOAT7NbHjMkPEO4_zX4CELhB5Ux5m/view?usp=share_link,1,1,0,1,1,,,,,,1,0,0,,,,,,
Shaffer,Josh,,The Idaho Statesman ,2019,Native American women can be 'easy prey' for violence - it's a crisis in NC,"Boise, Ada County, ID","Pembroke, Robeson County, NC",Access World News,"September 9, 2019","6, 7",Newspaper-Image Edition,https://drive.google.com/file/d/13NhSEeKkaeXgg9xuU0ZGLGsA8TV51F1F/view?usp=share_link,1,1,1,1,0,,,,,,1,1,1,,,,,,
Editorial Board of the Columbian,,,The Idaho Statesman ,2019,"Native American women deserve action, justice","Boise, Ada County, ID","Washington State, National",Access World News,"June 14, 2019",21,Newspaper-Image Edition,https://drive.google.com/file/d/1DdHvEBOJ7efLqwSZt-kboVYln1hCXtio/view?usp=share_link,1,0,0,1,1,,,,,,1,0,0,,,,,,
Austen,Ian,Dan Bilefsky ,The Idaho Statesman ,2019,"Killings of hundreds of indigenous women, girls labeled genocide in Canadian report ","Boise, Ada County, ID","Gatineau, Quebec, Canada, British Columbia, Cananda",Access World News,"June 4, 2019 ",17,Newspaper-Image Edition,https://drive.google.com/file/d/1okk2RNWR8oDrs_ndUTPp-V_ltctYmG0O/view?usp=share_link,1,1,1,1,1,,,,,,1,1,1,,,,,,
Associated Press,,,The Idaho Statesman ,2019,Missing indigenous women spotlighted as Wash. bill signed ,"Boise, Ada County, ID","Olympia, Thurston County, WA, Washington State",Access World News,"April 25, 2019",8,Newspaper-Image Edition,https://drive.google.com/file/d/11TqnlOhFMYfouGIZLsywDV7uGdc71sWY/view?usp=share_link,0,0,1,0,1,,,,,,1,1,0,,,,,,
Schor,Elana,,The Idaho Statesman ,2019,Warren urges 'action' at meeting with Native American women ,"Boise, Ada County, ID","Washingtin, D.C.",Access World News,"February 13, 2019",9,Newspaper-Image Edition,https://drive.google.com/file/d/17cNg9M53DMfAXJjqqIx4ShgljOBNkLfe/view?usp=share_link,1,1,1,1,1,,,,,,1,1,0,,,,,,
Cohen,Sharon ,,The Idaho Statesman ,2018,Families of missing and murdered women refusing to give up,"Boise, Ada County, ID","Valier, Pondera County, MT",Access World News,"September 5, 2018 ","1, 2",Newspaper-Image Edition,https://drive.google.com/file/d/1kpzdCxfE89CC-0C6KprFi0yyOQIHZcf2/view?usp=share_link,1,1,1,1,1,,,,,,1,1,1,,,,,,
Cohen ,Sharon ,,The Idaho Statesman ,2018,"Damilies of missing, slain women refuse to give up ","Boise, Ada County, ID","Valier, Pondera County, MT",Access World News,"September 5, 2018 ",5A,Newspaper-Image Edition,https://drive.google.com/file/d/1wDdxeAYKF_pDiliUR6QU6D7Smz8ciue9/view?usp=share_link,1,1,1,1,1,,,,,,1,1,0,,,,,,
Davila ,Vianna ,,The Idaho Statesman ,2018,Survey revelas high rates of sexual assault among Native American women ,"Boise, Ada County, ID","Seattle, King County, WA, National",Access World News,"August 25, 2018 ","8, 9",Newspaper-Image Edition,https://drive.google.com/file/d/1VaVAUJNgZfXo0W00tjeWKqhbr75r56OM/view?usp=share_link,1,1,0,1,0,,,,,,1,1,0,,,,,,
Sewell,Cynthia ,,The Idaho Statesman ,2020,"Texting while driving? Hemp? Property tax relief? What the 2020 Legislature did, or didn't do ","Boise, Ada County, ID","Boise, Ada County, ID, Idaho, National",Access World News,"March 21, 2020 ",N/A,Newspaper,https://drive.google.com/file/d/14xwevIgYybti-ZnvEn_M8WLApu9A2nTR/view?usp=share_link,1,0,0,1,0,,,,,,0,0,0,,,,,,
Sewell,Cynthia ,,The Idaho Statesman ,2020,"Tribes, Idaho officials will learn more about 'new era of violence' for Indigenous people ","Boise, Ada County, ID","Idaho, National ",Access World News,"February 19, 2020",N/A,Newspaper,https://drive.google.com/file/d/1I9xYbPXTmyIyuX8rnv-GohEX38sruqQh/view?usp=share_link,1,1,0,1,1,,,,,,0,0,0,,,,,,
Sewell,Cynthia ,,The Idaho Statesman ,2020,"Idaho votes to take first official action on missing, murdered indigenous people crisis ","Boise, Ada County, ID","Idaho, National",Access World News,"February 12, 2020",N/A,Newspaper,https://drive.google.com/file/d/1LeSa48tTKl7Lo8D-o033hV4lC7aJqDz6/view?usp=share_link,1,1,0,1,1,,,,,,0,0,0,,,,,,
Sewell,Cynthia ,,The Idaho Statesman ,2019,How many missing or murdered indigenous women are there in Idaho? No one knows.,"Boise, Ada County, ID","Boise, Ada County, ID, Idaho, National",Access World News,"December 15, 2019 ",N/A,Newspaper,https://drive.google.com/file/d/1Vt8auL_V5hArIqrlQBnibjZf9piwl2wA/view?usp=share_link,1,1,1,1,1,,,,,,1,1,0,,,,,,
Brewster,Kaylee,Paul Rosenberg ,Inland 360,2021,"Top 10 stories the media missed in 2020, according to Project Censored","Lewiston, Nez Perce County, ID",National,Access World News,"January 5, 2021",N/A,Newspaper,https://drive.google.com/file/d/1rWLvlxyJCFL2gKv9Debhvs_BiAdQbJ1E/view?usp=share_link,1,1,0,1,1,,,,,,0,0,0,,,,,,
Schmidt ,Michelle,,Inland 360,2020,Talk address issues surroudning the missing or murdered indigenous women movement ,"Lewiston, Nez Perce County, ID","Boise, Ada County, ID, Idaho, National",Access World News,"Macrh 11, 2020",N/A,Newspaper,https://drive.google.com/file/d/1CufzbWLMadZvmVL5Du9HQvLiT7RAp2uv/view?usp=share_link,1,1,0,1,1,,,,,,1,0,0,,,,,,
Bauer,Jennifer K. ,,Inland 360,2019,Fighting for missing and murdered indigenous people ,"Lewiston, Nez Perce County, ID","Fort Hall, Bingham County, ID, Idaho",Access World News,"March 13, 2019 ",N/A,Newspaper,https://drive.google.com/file/d/1Q1FayKpKCDO84S_Z2YNb7RWlJnYLLPJP/view?usp=share_link,1,1,1,1,0,,,,,,1,1,0,,,,,,
Crapo,Mike ,,The Jefferson Star,2020,"Justice for missing, murdered Native women","Rigby, Jefferson, ID",National,Access World News,"July 29, 2020",4,Newspaper,https://drive.google.com/file/d/1UGfF5LtAVeDK039jVp_NHRxNmZvdov0l/view?usp=share_link,1,1,1,1,1,,,,,,1,1,0,,,,,,
Yakima Herald Republic ,,,Lewiston Tribune ,2025,Washington's task force is producing welcome results,"Lewiston, Nez Perce County, ID",Washington State,Access World News,"July 12, 2025",N/A,Newspaper,https://drive.google.com/file/d/1mD0TvPNxe3BtdADvY9QWQHxeqdAne8_K/view?usp=share_link,1,1,1,1,1,,,,,,1,0,1,,,,,,
Ryder-Marks,Mia,,Lewiston Tribune ,2024,"WA is 2nd in the U.S. for missing, murdered Indigenous women - Although Washington has created task force and alert system, cases continue to go unsolved","Lewiston, Nez Perce County, ID",Washington State,Access World News,"May 28, 2024",N/A,Newspaper,https://drive.google.com/file/d/1LoFo0Z4eRthqwr5X24H8X69HSJmSsBzq/view?usp=share_link,1,1,1,1,1,,,,,,1,1,0,,,,,,
Epperly,Emma,,Lewiston Tribune ,2024,NW to get federal prosecutor dedictaed to missing and slain Indigenous people ,"Lewiston, Nez Perce County, ID","Washington State, Oregon, Montana, California",Access World News,"March 1, 2024",N/A,Newspaper,https://drive.google.com/file/d/15Ca1O0ywLsLfCxt1H0esXoE1pcNEJDsq/view?usp=share_link,1,0,0,1,1,,,,,,1,0,0,,,,,,
Orion The Spokesman Review,,,Lewiston Tribune ,2023,"Justice Dept. taps E. Washington for efforts to solve MMIP cases - Resources are being focused on NW as part of effort to address missing, murdered Indigenous people","Lewiston, Nez Perce County, ID","Washington, D.C., Washington State, National",Access World News,"July 8, 2023",N/A,Newspaper,https://drive.google.com/file/d/1uGwDQnkGhHWOKcB77Z0qJHXchuyr9bCH/view?usp=share_link,1,1,1,1,1,,,,,,1,1,1,,,,,,
Brewster,Kaylee,,Lewiston Tribune ,2023,About 140 people gather for Missing or Murdered Indigenous People Walk in Lapwai ,"Lewiston, Nez Perce County, ID","Lapwai, Nez Perce County, ID",Access World News,"May 4, 2023",N/A,Newspaper,https://drive.google.com/file/d/1KMoaa3Xcry4tzUp0PPqJq8ORvmpV5644/view?usp=share_link,1,1,0,1,1,,,,,,1,0,0,,,,,,
Kuipers,Anthony,,Lewiston Tribune ,2023,Students start database for Indigenous victims - University of Idaho culture department logging names of missing and murdered as a way of defining international problem ,"Lewiston, Nez Perce County, ID","Moscow, Latah County, ID, National, Canada",Access World News,"April 21, 2023",N/A,Newspaper,https://drive.google.com/file/d/1KMoaa3Xcry4tzUp0PPqJq8ORvmpV5644/view?usp=share_link,1,1,0,1,1,,,,,,1,0,0,,,,,,
N/A,N/A,,Lewiston Tribune ,2022,Finding justice for murdered and missing Indigenous people,"Lewiston, Nez Perce County, ID",Washington State,Access World News,"August 14, 2022",N/A,Newspaper,https://drive.google.com/file/d/13AI_3G1XT8w9h3Eh6A6D1IWeVoTGIxAb/view?usp=share_link,1,1,0,1,1,,,,,,1,0,0,,,,,,
Brewster,Kaylee,,Lewiston Tribune ,2022,Speaking out against the silence - Women share their stories to shed light on Missing and Murdered Indigenous Women crisis,"Lewiston, Nez Perce County, ID","Lapwai, Nez Perce County, ID",Access World News,"April 23, 2022",N/A,Newspaper,https://drive.google.com/file/d/1nL_PstwWPANSFtLMx6qFyp88Zd4DZTvG/view?usp=share_link,1,1,1,1,1,,,,,,1,1,1,,,,,,
N/A,N/A,,Lewiston Tribune ,2022,360 Shorts ,"Lewiston, Nez Perce County, ID","Moscow, Latah County, ID",Access World News,"April 7, 2022",N/A,Newspaper,https://drive.google.com/file/d/1neh19da2XTC6bATxoFtIDRyl9x_FADAd/view?usp=share_link,1,1,0,1,0,,,,,,0,0,0,,,,,,
Hedberg,Kathy,,Lewiston Tribune ,2022,Ellenwood receives maximum sentence for Blackeagle murder - Family members of victim give emotional testimony about woman known as a sparkling light to Nez Perce Tribe ,"Lewiston, Nez Perce County, ID","Kamiah, Lewis County, ID",Access World News,"April 5, 2022",N/A,Newspaper,https://drive.google.com/file/d/1G5ktm2xc5c07WCkVNZ0TDFAHkSQyImEO/view?usp=share_link,1,0,1,0,1,,,,,,1,1,1,,,,,,
Kahle,Sarah,,Lewiston Tribune ,2022,Bill target crisis of missing Indigenous people ,"Lewiston, Nez Perce County, ID","Seattle, King County, WA, National, Cananda ",Access World News,"January 18, 2022",N/A,Newspaper,https://drive.google.com/file/d/1G_TFf7HgSbul8qASbIU2jjsaR_or9a0k/view?usp=share_link,1,1,0,1,1,,,,,,1,0,0,,,,,,
N/A,N/A,,Lewiston Tribune ,2021,Lewiston manufacteurer,"Lewiston, Nez Perce County, ID",Idaho,Access World News,"December 12, 2021",N/A,Newspaper,https://drive.google.com/file/d/1gB0uPrQAUMgpybXXkDBHGGM7wVmpwqSU/view?usp=share_link,1,0,0,1,1,,,,,,0,0,0,,,,,,
Agidius ,Cindy,,Lewiston Tribune ,2021,"They could be our daughters, sisters, mothers and wives","Lewiston, Nez Perce County, ID","Moscow, Latah County, ID, Benewah County, ID, National, Canada",Access World News,"October 17, 2021",N/A,Newspaper,https://drive.google.com/file/d/1m8OOvhb4xz-t53B58E1NDEpnSqfWkkuN/view?usp=share_link,1,1,1,1,1,,,,,,0,1,1,,,,,,
Rosenberg,Paul,,Lewiston Tribune ,2021,Project Censored - Top 10 stories the mianstream media missed in 2020,"Lewiston, Nez Perce County, ID","United States, Canada",Access World News,"January 7, 2021",N/A,Newspaper,https://drive.google.com/file/d/1qkaKAJNX7HB9dZxJYt16JfeLpykH3rpE/view?usp=share_link,1,1,0,1,1,,,,,,0,0,0,,,,,,
N/A,N/A,,Lewiston Tribune ,2020,Big Sky producers acknowledhe Native American criticism ,"Lewiston, Nez Perce County, ID","Los Angeles, Los Angeles County, CA",Access World News,"December 3, 2020",N/A,Newspaper,https://drive.google.com/file/d/1O8DZrvcK7IZIkrLKzAOMMpQ3CVFGOtBu/view?usp=share_link,1,1,1,1,0,,,,,,0,0,0,,,,,,
Mabie,Nora,,Lewiston Tribune ,2020,Injustice is not just black and white - Native Americans want be included in race ,"Lewiston, Nez Perce County, ID","Great Falls, Cascade County, MT",Access World News,"June 7, 2020",N/A,Newspaper,https://drive.google.com/file/d/1DEoC-ZMg-pR3WPiGbUCeNUSVJko3hN77/view?usp=share_link,1,1,0,1,0,,,,,,0,0,0,,,,,,
Schmidt ,Michelle ,,Lewiston Tribune ,2020,Missing numbers - Talk address the complex issues surrounding the missing or murdered indigenous women movement ,"Lewiston, Nez Perce County, ID",Idaho,Access World News,"March 12, 2020",N/A,Newspaper,https://drive.google.com/file/d/1dC_EAZjRn-64xbXBCxrC2lD0LiI59zFg/view?usp=share_link,1,1,0,1,1,,,,,,1,1,0,,,,,,
Spence,William L.,,Lewiston Tribune ,2020,"Troy resolution to call attention to missing, murdered indigenous people - Genesee representative introduces bill; other north central Idaho lawmakers also push their legislation ","Lewiston, Nez Perce County, ID","Boise, Ada County, ID, Idaho, National",Access World News,"February 13, 2020",N/A,Newspaper,https://drive.google.com/file/d/1KNRes0s4QQKBse80SYj1doVbNIJsLsPe/view?usp=share_link,1,1,0,1,1,,,,,,0,0,0,,,,,,
Sewell,Cynthia,,Lewiston Tribune ,2019,"Scope of missing, murdered indigenous women a mystery ","Lewiston, Nez Perce County, ID","Boise, Ada County, ID, National",Access World News,"December 27, 2019",N/A,Newspaper,https://drive.google.com/file/d/1RoIlVpYRd52l1n2aDNpfhjHrPxvc-gYz/view?usp=share_link,1,1,1,1,1,,,,,,1,1,0,,,,,,
Ayer,Tammy,,Lewiston Tribune ,2019,"Tribal leaders gather for summit on missing, murdered women - Epidemic of violence against American Indian women drawing more attention across region ","Lewiston, Nez Perce County, ID","Toppenish, Yakima County, WA, Yakama Reservatiom, Yakima County, WA, National",Access World News,"December 21, 2019 ",N/A,Newspaper,https://drive.google.com/file/d/1RoIlVpYRd52l1n2aDNpfhjHrPxvc-gYz/view?usp=share_link,1,1,1,1,1,,,,,,1,1,0,,,,,,
N/A,N/A,,Lewiston Tribune ,2019,Murdered and missing indigenous women invisible no more ,"Lewiston, Nez Perce County, ID","Washington State, National",Access World News,"June 17, 2019 ",N/A,Newspaper,https://drive.google.com/file/d/1gR7yUOL8KaVRDhXe1XppaBcd79-X2aYA/view?usp=share_link,1,1,1,1,1,,,,,,1,0,0,,,,,,
Bauer,Jennider K.,,Lewiston Tribune ,2019,Missing but not forgotten - Roxanne White i helping shed light on an epidemic of missing and murdered indigenous women ,"Lewiston, Nez Perce County, ID","Fort Hall, Bingham County, ID, Yakama Reservation, Yakima County, WA, Seattle, King County, WA, National",Access World News,"March 17, 2019 ",N/A,Newspaper,https://drive.google.com/file/d/1MDwcPks7xmxOYeeBdi_0ntDQvngEPRrH/view?usp=share_link,1,1,1,1,0,,,,,,1,1,0,,,,,,
Wilson,Sam,,Lewiston Tribune ,2019,American Indian girls and women continue to go missing at high rate,"Lewiston, Nez Perce County, ID","Billings, Yellowstone, MT, National",Access World News,"March 3, 2019",N/A,Newspaper,https://drive.google.com/file/d/1k9wEAlMZ9oeh8BAJcglmfHEqs20Zl8Ss/view?usp=share_link,1,1,1,1,0,,,,,,1,1,0,,,,,,
Ayer,Tammy,,Lewiston Tribune ,2019,"Vigil for missing, murdered women set today ","Lewiston, Nez Perce County, ID","Wapato, Yakima County, WA",Access World News,"February 23, 2019",N/A,Newspaper,https://drive.google.com/file/d/1trdGLbB1Ucaq4DaexWZ8bsljzOhLRJlr/view?usp=share_link,1,1,1,0,0,,,,,,1,1,0,,,,,,
N/A,N/A,,Lewiston Tribune ,2025,Washington's task force is producing welcome results ,"Lewiston, Nez Perce County, ID","Yakima, Yakima County, WA, Washington State",Access World News,"July 12, 2025",4B,Newspaper-Image Edition,https://drive.google.com/file/d/1Q-f53vUoZQPmCs1oSzVUacB4QOWp8QCZ/view?usp=share_link,1,1,1,1,1,,,,,,1,1,0,,,,,,
Brewster,Kaylee,,Lewiston Tribune ,2024,Nez Perce Tribe to take jurisdiction over certain cases ,"Lewiston, Nez Perce County, ID","Nez Perce Reservation, Nez Perce County, ID, National ",Access World News,"July 3, 2024","1B, 3B",Newspaper-Image Edition,https://drive.google.com/file/d/1CIFEI7_LL7BoytjApU8oHLWoPL1O0Rkb/view?usp=share_link,1,0,0,1,1,,,,,,0,0,0,,,,,,
Ryder-Marks,Mia,,Lewiston Tribune ,2024,"WA is 2nd in U.S. for missing, murdered Indigenous women ","Lewiston, Nez Perce County, ID","Washington State, Idaho, National",Access World News,"May 28, 2024","1A, 4A",Newspaper-Image Edition,https://drive.google.com/file/d/1msOkv6MBxA49Wt0CC-uE4by0QChEUn7Y/view?usp=share_link,1,1,1,1,1,,,,,,1,1,0,,,,,,
Epperly ,Emma,,Lewiston Tribune ,2024,NW to get federal prosecutor dedicated to missing and slain Indigenous people ,"Lewiston, Nez Perce County, ID","Oregon, Montana, Idaho, California, Washington State",Access World News,"March 1, 2024",2C,Newspaper-Image Edition,https://drive.google.com/file/d/1g1Fuq7jcEon1i0nwOGdwAOaNIeGb-wQL/view?usp=share_link,1,0,0,1,1,,,,,,1,0,0,,,,,,
Dennis,Ellen,,Lewiston Tribune ,2023,Like an open wound': Washington task force holds event to highlight missing and slain Indigenous women ,"Lewiston, Nez Perce County, ID","White Swan, Yakima County, WA, Yakama Reservation, Yakima County, WA, Washington State",Access World News,"November 3, 2023",2C,Newspaper-Image Edition,https://drive.google.com/file/d/14d49rmfB3YIrkkMnCEmiL5-TabiWvt2x/view?usp=share_link,1,1,1,1,1,,,,,,1,1,0,,,,,,
Golden ,Hallie,Christine Fernando ,Lewiston Tribune ,2023,"A day of celebration, protest and reclaiming history ","Lewiston, Nez Perce County, ID",National,Access World News,"October 7, 2023","1A, 5A",Newspaper-Image Edition,https://drive.google.com/file/d/1OBiBSA-1UJnZ6kclxSM7ENHGxKtmC1d-/view?usp=share_link,1,0,0,1,0,,,,,,1,0,0,,,,,,
Donovan-Smith,Orion ,,Lewiston Tribune ,2023,Justin Dept. taps E. Washington for efforts to solve MMIP cases ,"Lewiston, Nez Perce County, ID","Washington, D.C., Washingon State, Oregon, National ",Access World News,"July 8, 2023","1A, 5A",Newspaper-Image Edition,https://drive.google.com/file/d/1Chvy0ZyAOidKkuRTGGG2XHz-GDlN4QQI/view?usp=share_link,1,1,1,1,1,,,,,,1,1,1,,,,,,
N/A,N/A,,Lewiston Tribune ,2023,"Wearing red, Indigenous families honor missing relatives","Lewiston, Nez Perce County, ID","Albuquerque, Bernalillo County, NM, National",Access World News,"May 6, 2023",2A,Newspaper-Image Edition,https://drive.google.com/file/d/1RnixSDBJF-yCwtcnF_R6sQhYzZnBiV8X/view?usp=share_link,1,1,1,0,0,,,,,,0,1,0,,,,,,
Brewster,Kaylee,,Lewiston Tribune ,2023,Missing or gone. Not forgotten,"Lewiston, Nez Perce County, ID","Lapwai, Nez Perce County, ID, Lewiston, Nez Perce County, ID",Access World News,"May 4, 2023","1A, 3A",Newspaper-Image Edition,https://drive.google.com/file/d/1r4M7CofBVh_Hxm8Xi6Tp38sNf2wvoBuN/view?usp=share_link,1,1,1,1,0,,,,,,1,0,0,,,,,,
Kuipers,Anthony,,Lewiston Tribune ,2023,Students start database for Indigenous victims ,"Lewiston, Nez Perce County, ID","Moscow, Latah County, ID, United States, Canada ",Access World News,"April 21, 2023","1C, 6C",Newspaper-Image Edition,https://drive.google.com/file/d/1kAWuQ1CFvjF1JZLAMQ_Q890tD_9r_ODZ/view?usp=share_link,1,1,0,1,0,,,,,,0,0,0,,,,,,
N/A,N/A,,Lewiston Tribune ,2023,Washington bill would create unit investigating missing nad murdered Indigenous women ,"Lewiston, Nez Perce County, ID",Washington State,Access World News,"January 10, 2023",C2,Newspaper-Image Edition,https://drive.google.com/file/d/1eiIQzCqp6N6N57TI1xqrGYUqy6VSTHnO/view?usp=share_link,1,1,0,1,1,,,,,,1,0,0,,,,,,
N/A,N/A,,Lewiston Tribune ,2022,Finding justice for murdered and missing Indigenous people,"Lewiston, Nez Perce County, ID",Washington State,Access World News,"August 14, 2022",F1,Newspaper-Image Edition,https://drive.google.com/file/d/1kENtnwCg-gJOVfZp5-A4Sqx8frzvBxxJ/view?usp=share_link,1,1,0,1,1,,,,,,0,0,0,,,,,,
Brewster,Kaylee,,Lewiston Tribune ,2022,Speaking out against the silence,"Lewiston, Nez Perce County, ID","Lewiston, Nez Perce County, ID, Lapwai, Nez Perce County, ID, Idaho ",Access World News,"April 23, 2022","1A, 3A",Newspaper-Image Edition,https://drive.google.com/file/d/1qU7KpgjMpanzJsXs1ylTFlaqTgauPRl-/view?usp=share_link,1,1,0,1,1,,,,,,1,1,1,,,,,,
N/A,N/A,,Lewiston Tribune ,2022,Panel discussion on Missing and Murdered Indigenous Women set for Lewiston ,"Lewiston, Nez Perce County, ID","Lewiston, Nez Perce County, ID",Acccess World News,"April 22, 2022",1C,Newspaper-Image Edition,https://drive.google.com/file/d/1srRCWhXSOlC0Eo7KfdQetaWzrK3EnC8_/view?usp=share_link,1,1,1,0,1,,,,,,1,1,1,,,,,,
Hedberg,Kathy ,,Lewiston Tribune ,2022,Ellenwood receives maximum sentence for Blackeagle murder,"Lewiston, Nez Perce County, ID","Kamiah, Lewis County, ID, Lewiston, Nez Perce County, ID",Access World News,"April 5, 2022","1A, 3A",Newspaper-Image Edition,https://drive.google.com/file/d/1BKS3TZT-UxzsVoOSKViZGezH-3CVi8tx/view?usp=share_link,1,0,1,1,1,,,,,,1,1,1,,,,,,
Flaccus,Gillian,Ted S. Warren ,Lewiston Tribune ,2022,Giving a voice to a silent crisis ,"Lewiston, Nez Perce County, ID","Tulalip, Snohomish County, WA, Washington State",Access World News,"April 1, 2022","1C, 3C",Newspaper-Image Edition,https://drive.google.com/file/d/1oGLpX3uMr5xopI1y2Iq3ko-3zFQJlcoM/view?usp=share_link,1,1,1,1,1,,,,,,1,1,1,,,,,,
Associated Press,,,Lewiston Tribune ,2022,California tribe confronts crisis of missing women ,"Lewiston, Nez Perce County, ID","Yurok Reservation, Yurok/Klamath County, CA",Access World News,"February 22, 2022",5A,Newspaper-Image Edition,https://drive.google.com/file/d/1uH8eLfk88Eo5F1U2FLVEQqa9tAzDlJ_f/view?usp=share_link,1,1,1,1,1,,,,,,1,1,0,,,,,,
Kahle,Sarah,,Lewiston Tribune ,2022,Bill targets crisis of missing Indigenous people ,"Lewiston, Nez Perce County, ID","Seattle, King County, WA, Washington State",Access World News,"January 18, 2022",2C,Newspaper-Image Edition,https://drive.google.com/file/d/12IqXS3SrsKO97tfrEGKVIczhAOTC2UQH/view?usp=share_link,1,1,1,1,1,,,,,,1,1,1,,,,,,
N/A,N/A,,Lewiston Tribune ,2021,Nez perce Tribal member Tai Simpson earns honor ,"Lewiston, Nez Perce County, ID","Idaho, National",Access World News,"December 12, 2022",1E,Newspaper-Image Edition,https://drive.google.com/file/d/1yOZ0i9QBEohQE_qSYQwvpyYdHart28Pu/view?usp=share_link,1,0,0,1,1,,,,,,0,0,0,,,,,,
Agidius ,Cindy,,Lewiston Tribune ,2021,"They could be our daughters, sisters, mothers and wives","Lewiston, Nez Perce County, ID","Idaho, United States, Canada",Access World Newa,"October 17, 2021",1F,Newspaper-Image Edition,https://drive.google.com/file/d/1K810aXmxYRL0tnNOumRZHBx2cjN4Kyjy/view?usp=share_link,1,0,1,1,1,,,,,,1,1,1,,,,,,
Mcavoy,Audrey,,Lewiston Tribune ,2021,Fighting for others like her ,"Lewiston, Nez Perce County, ID","Honolulu, Honolulu County, HI, National",Access World News,"October 8, 2021",2A,Newspaper-Image Edition,https://drive.google.com/file/d/1K810aXmxYRL0tnNOumRZHBx2cjN4Kyjy/view?usp=share_link,1,0,1,1,1,,,,,,1,1,1,,,,,,
Daly,Mathew,,Lewiston Tribune ,2021,Haaland: Petito case a reminder of missing Native Americans ,"Lewiston, Nez Perce County, ID","Washington, D.C., National",Access World News,"September 24, 2021","1A, 3A",Newspaper-Image Edition,https://drive.google.com/file/d/1X6I-Z5otaUSYgyaMdKxg39fM5nbu8ws7/view?usp=share_link,1,1,1,1,1,,,,,,1,1,1,,,,,,
Bryan Montoya ,Susan ,Felicia Fonseca ,Lewiston Tribune ,2021,A nationwide call to action ,"Lewiston, Nez Perce County, ID","Albuquerque, Bernalillo County, NM, National ",Access World News,"May 6, 2021",2A,Newspaper-Image Edition,https://drive.google.com/file/d/13v4487B5-kTZte9YSKQs9Vuz0JlcoRIy/view?usp=share_link,1,1,0,1,0,,,,,,1,0,0,,,,,,
Balsamo ,Michael,Iris Samuels,Lewiston Tribune ,2021,Justice Dept. working with tribes on missing persons ,"Lewiston, Nez Perce County, ID","Helena, Lewis and Clark County, MT, Montana, National",Access World News,"April 2, 2021","1A, 3A",Newspaper-Image Edition,https://drive.google.com/file/d/1m9YcyX_Zdt7zE4pzIWNkFof9g--1dZl7/view?usp=share_link,1,1,1,1,1,,,,,,1,0,0,,,,,,
Roesenberg,Paul,,Lewiston Tribune ,2021,Project Censored - Top 10 Stories the mianstream media missed in 2020,"Lewiston, Nez Perce County, ID",National,Access World News,"January 7, 2021",6,Newspaper-Image Edition,https://drive.google.com/file/d/19H2klXEw6etpP-fAztbZwnyu8Uc3BtEl/view?usp=share_link,1,1,0,1,1,,,,,,0,0,0,,,,,,
Mabie,Nora,,Lewiston Tribune ,2020,Injustice is not just black and white - Native Americans want be included in race talks,"Lewiston, Nez Perce County, ID","Great Falls, Cascade County, MT, Montana, National",Access World News,"June 7, 2020",2C,Newspaper-Image Edition,https://drive.google.com/file/d/1tkzweNLrF_uU5ru_vqW2zUXkCeHJhAZq/view?usp=share_link,1,1,1,1,0,,,,,,0,1,0,,,,,,
Spence,William L.,,Lewiston Tribune ,2020,"Troy resolution to call attention to missing, murdered indigenous people - Genesee representative introduces bill; other north central Idaho lawmakers also push their legislation ","Lewiston, Nez Perce County, ID","Boise, Ada County, ID, Idaho, National",Access World News,"February 13, 2020","1C, 3C",Newspaper-Image Edition,https://drive.google.com/file/d/1lxArLkezv-9B3ZF7VLEptVH1jLzkGfkR/view?usp=share_link,1,1,0,1,1,,,,,,0,0,0,,,,,,
Fonseca,Felicia,,Lewiston Tribune ,2020,Missing Native movement expands ,"Lewiston, Nez Perce County, ID","Tuba City, Cococino County, AZ, Billings, Yellowstone County, MT, National",Access World News,"January 27, 2020",2A,Newspaper-Image Edition,https://drive.google.com/file/d/1Gt_6heTs4RUAsOw7s8GalDMirdcuilDP/view?usp=share_link,1,1,1,1,1,,,,,,1,1,0,,,,,,
Sewell,Cynthia,,Lewiston Tribune ,2019,"Scope of missing, murdered indigenous women a mystery ","Lewiston, Nez Perce County, ID","Boise, Ada County, ID, National, Canada",Access World News,"December 27, 2019 ","1A, 5A",Newspaper-Image Edition,https://drive.google.com/file/d/10bjrC3jUcaIaCp2Y9TzWWFU0xNueSbLL/view?usp=share_link,1,1,1,1,1,,,,,,1,1,0,,,,,,
Ayer,Tammy,,Lewiston Tribune ,2019,"Tribal leaders gather for summit on missing, murdered women - Epidemic of violence against American Indian women drawing more attention across region ","Lewiston, Nez Perce County, ID","Toppenish, Yakima County, WA, Yakama Reservatiom, Yakima County, WA, Seattle, King County, WA, National",Access World News,"December 21, 2019",6C,Newspaper-Image Edition,https://drive.google.com/file/d/1E8txkQhN2nEtlWGl_Cz_xKrPU6Nyo7U-/view?usp=share_link,1,1,1,1,1,,,,,,1,1,0,,,,,,
Balsamo ,Michael,Felicia Fonseca ,Lewiston Tribune ,2019,AG unveils plan on missing American Indian women,"Lewiston, Nez Perce County, ID","Pablo, Lake County, MT, National",Access World News,"November 23, 2019","1A, 5A",Newspaper-Image Edition,https://drive.google.com/file/d/1P7kKYLqG99fkSqLXmDEeP7EXSu8HuYws/view?usp=share_link,1,1,1,1,1,,,,,,1,1,0,,,,,,
Bolton,Aaron,,Lewiston Tribune ,2019,"Families of missing, murdered seek help ","Lewiston, Nez Perce County, ID","Browning, Glacier County, MT, Montana, National",Access World News,"October 9, 2019",2C,Newspaper-Image Edition,https://drive.google.com/file/d/1sTj-e4KKaQJiKmb4FKu_N4r9GrGGxUXY/view?usp=share_link,1,1,1,1,1,,,,,,1,1,0,,,,,,
N/A,N/A,,Lewiston Tribune ,2019,Domestic violence conference today in Clarkston ,"Lewiston, Nez Perce County, ID","Clarkston, Asotin, WA",Access World News,"September 27, 2019",3B,Newspaper-Image Edition,https://drive.google.com/file/d/1zrnQvasuNqUGUv8gtly_sb00hiHKHHou/view?usp=share_link,1,1,0,0,0,,,,,,1,1,0,,,,,,
Hudetz,Mary,,Lewiston Tribune ,2019,Second deadline missed for tribal safety,"Lewiston, Nez Perce County, ID","Albuquerque, Bernalillo County, NM, National",Access World News,"July 16, 2019",5A,Newspaper-Image Edition,https://drive.google.com/file/d/1Arca7n77e7nsYcE_oPlpi_5U3UrIP_nI/view?usp=share_link,1,1,1,1,1,,,,,,1,0,0,,,,,,
Volz,Matt,,Lewiston Tribune ,2019,Tribes rally behind case alleging FBI bias,"Lewiston, Nez Perce County, ID","Helena, Lewis and Clark County, MT, Montana, National",Access World News,"July 3, 2019",2C,Newspaper-Image Edition,https://drive.google.com/file/d/1MrBGZOxU7OlpKlWQahX-476Pzmb-K8xI/view?usp=share_link,1,1,1,1,1,,,,,,1,1,1,,,,,,
N/A,N/A,,Lewiston Tribune ,2019,Murdered and missing indigenous women invisible no more ,"Lewiston, Nez Perce County, ID",Washington State,Access World News,"June 17, 2019",4A,Newspaper-Image Edition,https://drive.google.com/file/d/1R-pVDXCijoYXoxHm6Psv-zfiIOVCIpd0/view?usp=share_link,1,1,1,1,1,,,,,,1,1,0,,,,,,
N/A,N/A,,Lewiston Tribune ,2019,Missing indigenous women focus of new law,"Lewiston, Nez Perce County, ID","Olympia, Thurston County, WA, Washington State",Access World News,"April 25, 2019",6C,Newspaper-Image Edition,https://drive.google.com/file/d/1_XI0Vm8eXYU8T21OCKXX5UoX3lqr3_N1/view?usp=share_link,1,0,0,1,1,,,,,,1,0,0,,,,,,
Ayer,Tammy,,Lewiston Tribune ,2019,"Vigil for missing, murdered women set today ","Lewiston, Nez Perce County, ID","Wapato, Yakima County, WA, Yakama Reservation, Yakima County, WA, Toppenish, Yakima County, WA",Access World News,"February 23, 2019",3C,Newspaper-Image Edition,https://drive.google.com/file/d/1yCQBpEM6t5a-94kuKtsv9WjkYakTwZVb/view?usp=share_link,1,1,1,0,0,,,,,,1,1,0,,,,,,
N/A,N/A,,Lewiston Tribune ,2019,Community turns out for Montana girl's funeral,"Lewiston, Nez Perce County, ID","Lame Deer, Rosebud County, MT",Access World News,"January 7, 2019",2B,Newspaper-Image Edition,https://drive.google.com/file/d/1bzsSZnWM3dzu2iYGwLMQsbu_iWzbGOBg/view?usp=share_link,1,1,1,1,0,,,,,,1,1,0,,,,,,
Hudetz,Mary,,Lewiston Tribune ,2018,Indigenous women matter:' Responding to a silent crisis,"Lewiston, Nez Perce County, ID","Montana, Wyoming, New Mexico, National",Access World News,"December 18, 2019",2C,Newspaper-Image Edition,https://drive.google.com/file/d/1Q2AXmGSizybx8RYFSd__rkScWL2REH3p/view?usp=share_link,1,0,1,1,1,,,,,,1,0,0,,,,,,
,,,,,,,,,,,,,,,,,,,,,,,,,,,,,,,
,,,,,,,,,,,,,,,,,,,,,,,,,,,,,,,
,,,,,,,,,,,,,,,,,,,,,,,,,,,,,,,
,,,,,,,,,,,,,,,,,,,,,,,,,,,,,,,
,,,,,,,,,,,,,,,,,,,,,,,,,,,,,,,
,,,,,,,,,,,,,,,,,,,,,,,,,,,,,,,
,,,,,,,,,,,,,,,,,,,,,,,,,,,,,,,
,,,,,,,,,,,,,,,,,,,,,,,,,,,,,,,
,,,,,,,,,,,,,,,,,,,,,,,,,,,,,,,
JAKE,,,,,,,,,,,,,,,,,,,,,,,,,,,,,,,
Sewell,Cynthia ,,Associated Press State Wire: Idaho (2010-2025),2019,"Scope of missing, murdered indigenous women in Idaho unknown",Idaho,"Navajo Nation, McKinley County, New Mexico
",Access World News,"December 21, 2019",N/A,Newspaper,https://drive.google.com/file/d/136viK8vlUL5uYzZlAnoKxdhofeE86ZF0/view?usp=drive_link,1,1,1,1,1,,,,,,1,1,0,,,,,,
N/A,N/A,,Coeur d'Alene Press (2003-2025),2021,Boyfriend of slain Gabby Petito charged with bank card fraud,"Coeur d'Alene, Kootenai County, Idaho","Grand Teton National Park, Teton County, Wyoming",Access World News,"September 23, 2021",N/A,Newspaper,https://drive.google.com/file/d/1eEiPDZfGecTO1HwhRX6RSgKA3z8y-TT0/view?usp=drive_link,1,0,1,1,0,,,,,,1,1,1,,,,,,
Bachara ,Gabriella,,NBC - 7 KTVB(2009-2025),2025,Arizona tribes unite in support after teen's tragic death - The Pascua Yaqui tribe walked and prayed for the murdered teen on Sunday in the town of Guadalupe.,"Boise, Ada County, Idaho","Mesa, Maricopa County, Arizona",Access World News,"March 16, 2025",N/A,Newspaper,https://drive.google.com/file/d/1TpBkUeVOQaIEKJPxV4V5AlYFIA7pkOsj/view?usp=drive_link,1,1,1,0,0,,,,,,1,1,1,,,,,,
Perez ,Brianda,,NBC - 7 KTVB(2009-2025),2022,Lawmakers look to designate May 5 as National Day for Missing and Murdered Native Women and Girls - The resolution calls for more work that needs to be done to address the cases of missing and murdered Native women and girls nationwide.,"Boise, Ada County, Idaho","Lame Deer, Rosebud County, Montana",Access World News,"May 5, 2022",N/A,Newspaper,https://drive.google.com/file/d/1nrTarqaRN7eslYUszEpDdnsc6_nOV51n/view?usp=drive_link,1,1,1,1,1,,,,,,1,1,0,,,,,,
Curtis,Channing,,NBC - 7 KTVB(2009-2025),2021,It's time to pay attention': Activists work to increase attention on missing Indigenous women,"Boise, Ada County, Idaho","Yakima, Yakima County, Washington
",Access World News,"October 1, 2021",N/A,Newspaper,https://drive.google.com/file/d/123IoJ4vsDMejkPyaX4gSwdYeNaduB_7-/view?usp=drive_link,1,1,1,1,1,,,,,,1,1,1,,,,,,
Brown,Ruth,,"Times-News, The(1999-2025)",2023,“We are not heard”: Indigenous women look for answers in high missing persons rate,"Twin Falls, Twin Falls County, Idaho
","Spokane, Spokane County, Washington
Plummer, Benewah County, Idaho
",Access World News,"November 6, 2023",N/A,Newspaper,https://drive.google.com/file/d/1b6BNJwtYUZqhvBzKSEiWhXKJwkg_pgs6/view?usp=drive_link,1,1,1,1,1,,,,,,1,1,0,,,,,,
,,,,,,,,,,,,,,,,,,,,,,,,,,,,,,,
,,,,,,,,,,,,,,,,,,,,,,,,,,,,,,,
,,,,,,,,,,,,,,,,,,,,,,,,,,,,,,,
,,,,,,,,,,,,,,,,,,,,,,,,,,,,,,,
,,,,,,,,,,,,,,,,,,,,,,,,,,,,,,,
,,,,,,,,,,,,,,,,,,,,,,,,,,,,,,,
,,,,,,,,,,,,,,,,,,,,,,,,,,,,,,,
,,,,,,,,,,,,,,,,,,,,,,,,,,,,,,,
,,,,,,,,,,,,,,,,,,,,,,,,,,,,,,,
,,,,,,,,,,,,,,,,,,,,,,,,,,,,,,,
,,,,,,,,,,,,,,,,,,,,,,,,,,,,,,,
,,,,,,,,,,,,,,,,,,,,,,,,,,,,,,,
,,,,,,,,,,,,,,,,,,,,,,,,,,,,,,,
,,,,,,,,,,,,,,,,,,,,,,,,,,,,,,,
,,,,,,,,,,,,,,,,,,,,,,,,,,,,,,,
,,,,,,,,,,,,,,,,,,,,,,,,,,,,,,,
,,,,,,,,,,,,,,,,,,,,,,,,,,,,,,,
,,,,,,,,,,,,,,,,,,,,,,,,,,,,,,,
NORA,,,,,,,,,,,,,,,,,,,,,,,,,,,,,,,
Mangum,Kyle,,The Morning News,2019,Prayer walk for missing and murdered indigenous people,"Blackfoot, Bingham, ID",Fort Hall Reservation,Access World News,June 10,1,Newspaper,https://drive.google.com/file/d/1U963VWtLn0Eyy169R5lgnwftc-faIN0T/view?usp=sharing,1,1,1,1,1,,,,,,1,1,0,,,,,,
Epperly ,Emma,,The Moscow-Pullman Daily News,2024,A prosecutor for the missing,"Moscow, Latah, ID",Eastern WA; CA; MT; ID; OR; Yakama Nation ,Access World News,March 1,A4,Newspaper-Image Edition,https://drive.google.com/file/d/1AOcTW6FpOx2DVkqOvIKieP62EX_sosiz/view?usp=sharing,1,0,1,1,0,,,,,,0,1,0,,,,,,
Donovan-Smith,Orion,,The Moscow-Pullman Daily News,2023,Eastern Washington in focus for missing and slain Indigenous people,"Moscow, Latah, ID","Eastern WA; OR; Yakama Reservation; Colville Reservation; Spokane Reservation; Kalispel Reservation; Portland, Multnomah, OR; National",Access World News,July 8,A3,Newspaper-Image Edition,https://drive.google.com/file/d/17p3536UwUSpamt-66jnhIKPeUE8Ujwob/view?usp=sharing,1,1,1,1,1,,,,,,0,1,0,,,,,,
Kuipers,Anthony,,The Moscow-Pullman Daily News,2023,Students start database for Indigenous victims ,"Moscow, Latah, ID","Moscow, Latah, ID; National",Access World News,April 21,"A1, A3",Newspaper-Image Edition,https://drive.google.com/file/d/1OeQsKxt-GxDq1ozJsWSpquxabuNeVDNe/view?usp=sharing,,,,,,,,,,,,,,,,,,,
,,,The Moscow-Pullman Daily News,2022,WSU hosts events to celebrate Native American Heritage Month,"Moscow, Latah, ID","Pullman, Whitman, WA",Access World News,November 15,A3,Newspaper-Image Edition,https://drive.google.com/file/d/1sRGtMpQkEiGWc8BJXNJKJ9f5Mf4Bbht8/view?usp=drive_link,1,0,0,1,0,,,,,,0,0,0,,,,,,
Zhou,Amanda,,The Moscow-Pullman Daily News,2022,WA launches first-in-nation alert system for missing Indigenous persons,"Moscow, Latah, ID",WA,Access World News,July 2,A6,Newspaper-Image Edition,https://drive.google.com/file/d/1az0sIELZLPNlOwH1P6cfnhKeuIdJgQxa/view?usp=sharing,1,0,0,1,1,,,,,,0,0,0,,,,,,
Flaccus,Gillian,Ted S. Warren,The Moscow-Pullman Daily News,2022,Washington OKs 1st statewide missing Indigenous people alert,"Moscow, Latah, ID",Tulalip Reservation; WA; National; MT,Access World News,April 1 ,A3,Newspaper-Image Edition,https://drive.google.com/file/d/1z_IVRyFLXoZsRQsUvGGBc4-YKdKk6VvM/view?usp=drive_link,1,1,0,1,1,,,,,,1,0,0,,,,,,
,,,The Moscow-Pullman Daily News,2021,Washington AG to speak tonight for Foley institute,"Moscow, Latah, ID","Pullman, Whitman, WA; WA",Access World News,Dec 2,15,Newspaper-Image Edition,https://drive.google.com/file/d/1mYFbq_rzVEKRYF0tlQ2MmYuaus8Dv6DG/view?usp=drive_link,1,0,0,1,1,,,,,,0,0,0,,,,,,
,,,The Moscow-Pullman Daily News,2021,"Indigenous women, domestic abuse the focus of forum","Moscow, Latah, ID","Moscow, Latah, ID; National",Access World News,April 2 ,A2,Newspaper-Image Edition,https://drive.google.com/file/d/1CCeFRD3ac81DgDUKb-YxvsvnFPE2KXog/view?usp=drive_link,1,0,0,1,1,,,,,,0,0,0,,,,,,
Rosenberg,Paul,,The Moscow-Pullman Daily News,2021,Project Censored: Top ten stories the mainstream media missed in 2020 ,"Moscow, Latah, ID",Canada; National,Access World News,January 7,6,Newspaper-Image Edition,https://drive.google.com/file/d/1v6exIAHg8J3ZmHGCJIAuFsCH65kGotiv/view?usp=drive_link,1,1,0,1,1,,,,,,0,0,0,,,,,,
,,,The Moscow-Pullman Daily News,2020,Spalding Visitor Center discussion to focus on violence against indigenous women ,"Moscow, Latah, ID","Lapwai, Nez Pearce, ID",Access World News,March 10,A2,Newspaper-Image Edition,https://drive.google.com/file/d/1FUW67b4ifj8nP-fFG4x0B2b37aj7edUG/view?usp=drive_link,1,1,0,1,0,,,,,,0,0,0,,,,,,
Spence,William L.,,The Moscow-Pullman Daily News,,"Troy's resolution would call attention to missing, murdered indigenous people","Moscow, Latah, ID",ID; National,Access World News,February 13,A3,Newspaper-Image Edition,https://drive.google.com/file/d/1rrOQB_6Sc5QK3ssHOAfqGoUYuYcjRfdp/view?usp=drive_link,1,1,0,1,1,,,,,,0,0,0,,,,,,
,,,The Moscow-Pullman Daily News,2019,Attorney general unveils plan on missing Native Americans,"Moscow, Latah, ID",National,Access World News,November 23,A5,Newspaper-Image Edition,https://drive.google.com/file/d/1bi3vMiXTcMM8ZOuWQegHH5Hl3de0e3GT/view?usp=drive_link,1,0,0,1,1,,,,,,0,0,0,,,,,,
Associated Press,,,The Moscow-Pullman Daily News,2019,Missing indigenous women spotlighted as bill signed,"Moscow, Latah, ID","WA; Olympia, Thurston, WA; National",Access World News,April 25,A5,Newspaper-Image Edition,https://drive.google.com/file/d/16XfLRLLk546agYye55rC5_3IpdY2S2Ak/view?usp=drive_link,1,0,1,1,1,,,,,,1,1,1,,,,,,
Donovan-Smith,Orion,,The Moscow-Pullman Daily News,2023,Eastern Washington in focus for missing and slain Indigenous people - New resources are being aimed at the Northwest as part of an effort to address the crisis,"Moscow, Latah, ID","Eastern WA; OR; Yakama Reservation; Colville Reservation; Spokane Reservation; Kalispel Reservation; Portland, Multnomah, OR; National",Access World News,July 8,N/A,Newspaper,https://drive.google.com/file/d/1iIhhl2bH32itI1DZh4H7Yj9v4gndkioB/view?usp=drive_link,1,1,1,1,1,,,,,,1,1,1,,,,,,
Kuipers,Anthony,,The Moscow-Pullman Daily News,2023,Students start database for Indigenous victims - UI culture department logging names of missing and murdered as a way of defining the problem,"Moscow, Latah, ID","Moscow, Latah, ID; National",Access World News,April 21,N/A,Newspaper,https://drive.google.com/file/d/1Klv6va3x7nfrD8Ps6RfjKJ0eBqOXLmAT/view?usp=drive_link,1,0,0,1,0,,,,,,0,0,0,,,,,,
,,,The Moscow-Pullman Daily News,2021,"Indigenous women, domestic abuse the focus of forum","Moscow, Latah, ID",Canada; National,Access World News,April 2,N/A,Newspaper,https://drive.google.com/file/d/13f0LxAfC5WW4e6hgztRuorgwY6bSaj2S/view?usp=drive_link,1,0,0,1,1,,,,,,0,0,0,,,,,,
,,,The Moscow-Pullman Daily News,2020,Spalding Visitor Center discussion to focus on violence against indigenous women,"Moscow, Latah, ID","Lapwai, Nez Pearce, ID",Access World News,March 10,N/A,Newspaper,https://drive.google.com/file/d/1BGtwZ6Hh29d6R08hCGnl1frslmll33Z_/view?usp=drive_link,1,0,0,0,0,,,,,,0,0,0,,,,,,
Spence,William L.,,The Moscow-Pullman Daily News,2020,"Troy s resolution would call attention to missing, murdered indigenous people - Genesee representative introduces bill during committee; other north central Idaho lawmakers also pushing their legislation","Moscow, Latah, ID",ID; National,Access World News,February 13,N/A,Newspaper,https://drive.google.com/file/d/1gn8b6XBd1yD5ovZQq14fFIjdsAK7XbKo/view?usp=drive_link,1,1,0,1,1,,,,,,0,0,0,,,,,,
MyKel,Johnson,,The Moscow-Pullman Daily News,2018,The pursuit of equality,"Moscow, Latah, ID","Pullman, Whitman, WA",Access World News,October 12,N/A,Newspaper,https://drive.google.com/file/d/1WkQlzVHXuANQqZG5lvQTHVaE8L6GZGTR/view?usp=drive_link,1,0,0,1,0,,,,,,0,0,0,,,,,,
,,,The Post Register,2025,Demonstration for missing and murdered indigenous women coming to I.F.,"Idaho Falls, Bonneville, ID","Idaho Falls, Bonneville, ID; Pocatello, Bannock, ID",Access World News,May 2,A5,Newspaper-Image Edition,https://drive.google.com/file/d/1iAIloWD6dVHIfvhN_-w8F_IaCDmakNvs/view?usp=drive_link,1,1,0,1,0,,,,,,1,0,0,,,,,,
Moseley-Morris,Kelcie,,The Post Register,2021,Boise state report says 75% of missing Indigenous people in Idaho are women,"Idaho Falls, Bonneville, ID",ID; National; MT; AK; SD,Access World News,November 2,A5,Newspaper-Image Edition,https://drive.google.com/file/d/1WeB20uR4YFzOSVvpQeFGfuUPtr34IhKJ/view?usp=drive_link,1,0,0,1,1,,,,,,1,1,0,,,,,,
Brown,Nathan,,The Post Register,2020,"At Bart Davis' urging, Senate panel OKs missing, murdered, indigenous resolution ","Idaho Falls, Bonneville, ID",ID; AK; National; MT; UT; NV; OR; WA; Fort Hall Indian Reservation,Access World News,March 12,A6,Newspaper-Image Edition,https://drive.google.com/file/d/1ipq5RS3PXd6hGS1DVQkFamMiuIQdlwGb/view?usp=drive_link,1,1,0,1,1,,,,,,1,0,0,,,,,,
Rowe,Megan,,The Post Register,2019,Native high schooler uses state track meet to raise awareness for missing and murdered women,"Idaho Falls, Bonneville, ID","WA; NM; Cheney, Spokane, WA",Access World News,June 1,A7,Newspaper-Image Edition,https://drive.google.com/file/d/1V1WOrALfsdJBd1NYYHhJ8k7sg4J1zzvF/view?usp=drive_link,1,1,1,1,1,,,,,,1,1,0,,,,,,
,,,,,,,,,,,,,,,,,,,,,,,,,,,,,,,
,,,,,,,,,,,,,,,,,,,,,,,,,,,,,,,
,,,,,,,,,,,,,,,,,,,,,,,,,,,,,,,
,,,,,,,,,,,,,,,,,,,,,,,,,,,,,,,
,,,,,,,,,,,,,,,,,,,,,,,,,,,,,,,
Associated Press State Wire: Idaho ,,,,,,,,,,,,,,,,,,,,,,,,,,,,,,,
Eden,,,,,,,,,,,,,,,,,,,,,,,,,,,,,,,
,,,Associated Press State Wire: Idaho ,2023,Washington creates missing Indigenous people cold case unit ,"Boise, Ada County, ID","Seattle, King County, Washington; Washington State",,"April 28, 2023",N/A,Newspaper,https://drive.google.com/file/d/18-eEYN5KU_irBtqeriOXsI_LvodwB5gH/view?usp=share_link,1,1,0,1,1,,,,,,1,0,0,,,,,,
Brownstone ,Sydney ,,Associated Press State Wire: Idaho ,2020,Seattle treatment center closing doors after 30 years ,"Boise, Ada County, ID","Seattle, King County, WA",,"January 25, 2020",N/A,Newspaper,https://drive.google.com/file/d/1JGGzP-qcFTHc8qWaFIpf5RbPjLv2DD3q/view?usp=share_link,1,1,1,0,0,,,,,,1,1,0,,,,,,
Sewell,Cynthia ,,Associated Press State Wire: Idaho ,2019,"Scope of missing, murdered indigenous women in Idaho unknown ","Boise, Ada County, ID","Boise, Ada County, ID; Idaho ",,"December 21, 2019",N/A,Newspaper,https://drive.google.com/file/d/15mwAhiyzPUhvTXMl8d2wj_Ypfwhqpq-n/view?usp=share_link,1,1,1,1,1,,,,,,1,1,0,,,,,,
Mckenzie ,Victoria ,,Associated Press State Wire: Idaho ,2019,"In Nome, Alaska, review of rape 'cold cases' hits a wall ","Boise, Ada County, ID","Nome, Nome Census Area, AK",,"December 21, 2019",N/A,Newspaper,https://drive.google.com/file/d/17SlTkbI4T03CgHRlWwJmNUQtJLew24HT/view?usp=share_link,1,1,1,1,1,,,,,,0,1,1,,,,,,
Goodell,Emily ,,Associated Press State Wire: Idaho ,2019,My sister didn't deserve this': Womn says of slaying ,"Boise, Ada County, ID","Yakama Nation Reservation, Yakima County, Washington State",,"September 1, 2019",N/A,Newspaper,https://drive.google.com/file/d/13lby2bXj282PIiFxoPLr431l1l5TDitd/view?usp=share_link,1,0,1,1,0,,,,,,1,1,1,,,,,,
Fonseca,Felicia ,Russell Contreras ,Associated Press State Wire: Idaho ,2017,Most American Indian tribes opt out of federal death penalty ,"Boise, Ada County, ID","Flagstaff, Cococino County, AZ",,"August 21, 2017",N/A,Newspaper,https://drive.google.com/file/d/1WhgxTRA4qEGfj07kjFN_yiWunmVmTPRV/view?usp=share_link,1,0,1,1,1,,,,,,1,1,1,,,,,,
,,,Associated Press State Wire: Idaho ,2016,Searchers in Montana look for 4-year-old girl ,"Boise, Ada County, ID","Wolf Point, Roosevelt County, MT ",,"February 27, 2016",N/A,Newspaper,https://drive.google.com/file/d/10YcZzleerCnS6pMbzkkHa6EaDriT6UPb/view?usp=share_link,1,0,1,0,0,,,,,,0,1,1,,,,,,
Fonseca,Felicia ,,Associated Press State Wire: Idaho ,2011,Feds aim to combat family violence on reservations ,"Boise, Ada County, ID",National ,,"July 23, 2011",N/A,Newspaper,https://drive.google.com/file/d/1rG3m-oED_m8RRNDqhdMuxzjR6GMTFOwS/view?usp=share_link,0,1,0,1,1,,,,,,1,0,0,,,,,,
Bingham County Chronicle,,,,,,,,,,,,,,,,,,,,,,,,,,,,,,,
Miller,John,,Bingham County Chronicle ,2019,"LONG, SAD ROAD - Prayer walk remembers missing, murdered","Blackfoot, Bingham County, ID","Fort Hall, Bannock/Bingham County, ID",,"June 9, 2019",N/A,Newspaper,https://drive.google.com/file/d/1Mz984qYN5Z9LAJzlB0mXL_39_Kre6pBw/view?usp=share_link,1,1,1,1,1,,,,,,1,0,1,,,,,,
Miller,John ,,Bingham County Chronicle ,2019,Tears Like A River - Sho-Ban presentation remembers the missing ,"Blackfoot, Bingham County, ID","Fort Hall, Bannock/Bingham County, ID",,"May 5, 2019",N/A,Newspaper,https://drive.google.com/file/d/1NikeAunB4wwwqhFkPjD4rD20BdaKLj2S/view?usp=share_link,1,1,1,1,0,,,,,,1,1,1,,,,,,
Boise Weekly (ID),,,,,,,,,,,,,,,,,,,,,,,,,,,,,,,
Huff,Jeanne ,,Boise Weekly ,2022,Inspiration Alley is an inspiration to all,"Boise, Ada County, ID","Boise, Ada County, ID",,"August 25, 2022",18,Newspaper,https://drive.google.com/file/d/1KBH5qXkw_RRr6Qn_i4RnBRX6cxLnx_2i/view?usp=share_link,1,0,0,1,0,,,,,,0,1,0,,,,,,
Bringhurst,Tracy ,,Boise Weekly ,2021,Critical Race Theory Seminar:,"Boise, Ada County, ID","Boise, Ada County, ID",,"December 1, 2021",10,Newspaper,https://drive.google.com/file/d/1diF2ELPJoBCdR3o4Bpo43Lck0I2KaUG8/view?usp=share_link,1,1,0,0,1,,,,,,0,1,0,,,,,,
Berry ,Harrison ,,Boise Weekly ,2018,"Idaho Women's March 2018 Focused on Inclusion, Continued Activism ","Boise, Ada County, ID","Boise, Ada County, ID",,"January 22, 2018",N/A,Newspaper,https://drive.google.com/file/d/1YdpKljIF1DH9S4Cm_Sg6T_ZZ8mmukvXN/view?usp=share_link,1,1,0,1,0,,,,,,0,0,0,,,,,,
"Bonner County Daily Bee (Sandpoint, ID)",,,,,,,,,,,,,,,,,,,,,,,,,,,,,,,
Hardy,Madison,,Bonner County Daily Bee,2020,Beyond Awareness ,"Sandpoint, Bonner County, ID",National; North America,,"December 3, 2020",N/A,Newspaper,https://drive.google.com/file/d/1nvCAc__e4eoihrp8Gq2eVoHOLsdUdjc6/view?usp=share_link,1,1,0,1,1,,,,,,1,0,0,,,,,,
Passaro ,Jennifer,,Bonner County Daily Bee,2020,Trafficking: Missing and murdered ,"Sandpoint, Bonner County, ID",Idaho; National ,,"February 11, 2020",N/A,Newspaper,https://drive.google.com/file/d/14SQG_oexQdJFWtHESKAwE0c8-m2G721P/view?usp=share_link,1,1,1,1,1,,,,,,1,1,0,,,,,,
